Join_Count_12_13,TARGET_FID_12_13,identificatie,BAG_bouwjaar,status,BAG_documentdatum,BAG_documentnummer,BAG_voorkomenidentificatie,BAG_geconstateerd,BAG_begingeldigheid,BAG_eindgeldigheid,BAG_tijdstipregistratie,BAG_eindregistratie,BAG_tijdstipregistratielv,BAG_tijdstipeindregistratielv,BAG_aantal_verblijfsobjecten,BAG_oppervlakte,BAG_oppervlakte_min,BAG_oppervlakte_max,BAG_gebr_woonfunctie,BAG_gebr_bijeenkomstfunctie,BAG_gebr_celfunctie,BAG_gebr_gezondheidszorg,BAG_gebr_industriefunctie,BAG_gebr_kantoorfunctie,BAG_gebr_logiesfunctie,BAG_gebr_onderwijsfunctie,BAG_gebr_sportfunctie,BAG_gebr_winkelfunctie,BAG_gebr_overige,NH_buurtcode,NH_buurtnaam,NH_wijkcode,NH_gemeentecode,NH_gemeentenaam,NH_indelingswijzigingWijkenEnBu,NH_water,NH_meestVoorkomendePostcode,NH_dekkingspercentage,NH_omgevingsadressendichtheid,NH_stedelijkheidAdressenPerKm2,NH_bevolkingsdichtheidInwonersP,NH_aantalInwoners,NH_mannen,NH_vrouwen,NH_percentagePersonen0Tot15Jaar,NH_percentagePersonen15Tot25Jaa,NH_percentagePersonen25Tot45Jaa,NH_percentagePersonen45Tot65Jaa,NH_percentagePersonen65JaarEnOu,NH_percentageOngehuwd,NH_percentageGehuwd,NH_percentageGescheid,NH_percentageVerweduwd,NH_aantalHuishoudens,NH_percentageEenpersoonshuishou,NH_percentageHuishoudensZonderK,NH_percentageHuishoudensMetKind,NH_gemiddeldeHuishoudsgrootte,NH_percentageWesterseMigratieac,NH_percentageNietWesterseMigrat,NH_percentageUitMarokko,NH_percentageUitNederlandseAnti,NH_percentageUitSuriname,NH_percentageUitTurkije,NH_percentageOverigeNietwesters,NH_oppervlakteTotaalInHa,NH_oppervlakteLandInHa,NH_oppervlakteWaterInHa,NH_jrstatcode,NH_jaar,NH_fuuid,PC_postcode,PC_aantalInwoners,PC_aantalMannen,PC_aantalVrouwen,PC_aantalInwoners0Tot15Jaar,PC_aantalInwoners15Tot25Jaar,PC_aantalInwoners25Tot45Jaar,PC_aantalInwoners45Tot65Jaar,PC_aantalInwoners65JaarEnOuder,PC_percentageGebNederlandHerkom,PC_percentageGebNederlandHerk_1,PC_percentageGebNederlandHerk_2,PC_percentageGebBuitenNederland,PC_percentageGebBuitenNederla_1,PC_aantalPartHuishoudens,PC_aantalEenpersoonshuishoudens,PC_aantalMeerpersoonshuishouden,PC_aantalEenouderhuishoudens,PC_aantalTweeouderhuishoudens,PC_gemiddeldeHuishoudensgrootte,PC_aantalWoningen,PC_aantalWoningenBouwjaarVoor19,PC_aantalWoningenBouwjaar45Tot6,PC_aantalWoningenBouwjaar65Tot7,PC_aantalWoningenBouwjaar75Tot8,PC_aantalWoningenBouwjaar85Tot9,PC_aantalWoningenBouwjaar95Tot0,PC_aantalWoningenBouwjaar05Tot1,PC_aantalWoningenBouwjaar15EnLa,PC_aantalMeergezinsWoningen,PC_percentageKoopwoningen,PC_percentageHuurwoningen,PC_aantalHuurwoningenInBezitWon,PC_aantalNietBewoondeWoningen,PC_gemiddeldeWozWaardeWoning,PC_aantalPersonenMetUitkeringOn,PC_fuuid,EL_identificatie,EL_bouwjaar,EL_status,EL_aantal_vbo,EL_Aantal_labels,EL_postcode,EL_openbareruimtenaam,EL_woonplaatsnaam,EL_Meest_voorkomende_label,EL_Minst_zuinige_label,EL_Meest_zuinige_label,EL_Shape_Length_1,EL_Shape_Area_1,Type_identificatie,Type_bouwjaar,Type_status,Type_Woningtypering,Type_Shape_Length_12,Type_Shape_Area_12,TNO_pandid,TNO_bjr_min,TNO_grond_opp_m2,TNO_vbo_opp_xmin,TNO_vbo_opp_xavg,TNO_vbo_opp_xmax,TNO_vbo_opp_xsum,TNO_pc6,TNO_pc4,TNO_od_id,TNO_type_pfunct_string_agg,TNO_n_f1woon_m2,TNO_n_f2kantoor_m2,TNO_n_f3bijeenkomst_m2,TNO_n_f4onderwijs_m2,TNO_n_f5winkel_m2,TNO_n_f6sport_m2,TNO_n_f7logies_m2,TNO_n_f8gezondheidszorg_m2,TNO_n_f9industrie_m2,TNO_n_f10cel_m2,TNO_n_f11overig_m2,TNO_n_f12bedr_industrie_m2,TNO_n_f13bedr_groen_m2,TNO_m2_functies,TNO_promotie,TNO_f1woon_pr,TNO_f2kantoor_pr,TNO_f3bijeenkomst_pr,TNO_f4onderwijs_pr,TNO_f5winkel_pr,TNO_f6sport_pr,TNO_f7logies_pr,TNO_f8gezondheidszorg_pr,TNO_f9industrie_pr,TNO_f10cel_pr,TNO_f11overig_pr,TNO_f12bedr_industrie_pr,TNO_f13bedr_groen_pr,TNO_totaal_pr,TNO_max_pr,TNO_max_pr_string_agg,TNO_kas_warenhuis,TNO_identificatie_kas,TNO_travo,TNO_binnen_bedrijventerrein,TNO_hoofdgroep_n,TNO_hoofdgroep_tekst,TNO_hoofdgroep_n_aangepast,TNO_n_vbo_x_label,TNO_aandeel_vbo_x_label,TNO_aandeel_m2_x_label,TNO_ei_isso_pand,TNO_label_gem,TNO_label_ind,TNO_label_keus,TNO_grootteklasse,TNO_dom_koppel,TNO_gas_kwhm2,TNO_elek_kwhm2,TNO_gas_kwh_jaar2018,TNO_elek_kwh_jaar2018,TNO_warmtenet_pbl,TNO_warmtenet_pbl1,TNO_gas_kwhm2_corr,TNO_elek_kwhm2_corr,TNO_gas_kwh_jaar2018_corr,TNO_elek_kwh_jaar2018_corr,TNO_dom_koppel_kort,TNO_rond,TNO_grondbox_gelijk,TNO_gevelhoogte_ind_m,TNO_gevelhoogte_m,TNO_gevelhoogte_keuze_m,TNO_vloeropp_m2,TNO_gevelopp_m2,TNO_dakopp_m2,TNO_grond_opp_verhouding,TNO_dak_vloer_verhouding,TNO_vloeropp_keuze_m2,TNO_dakopp_keuze_m2,TNO_omtrek_pand_m,TNO_gevelopp_keuze_m2,TNO_schilopp_m2,TNO_inhoud_m3,TNO_aantal_dakdelen,TNO_dak_slanted_sum,TNO_dak_horizontal_sum,TNO_p_dak_horizontaal,TNO_overlap_omtrek_p,TNO_overlap_gevel_p,TNO_overlap_valide,TNO_geom_Length,TNO_geom_Area,TNO_aantal_vbo_x,TNO_vboid_binnen_ander_pand,TNO_n_f1woon,TNO_n_f2kantoor,TNO_n_f3bijeenkomst,TNO_n_f4onderwijs,TNO_n_f5winkel,TNO_n_f6sport,TNO_n_f7logies,TNO_n_f8gezondheidszorg,TNO_n_f9industrie,TNO_n_f10cel,TNO_n_f11overig,TNO_n_f12bedrpand_zvbo_industrie,TNO_n_f13bedrpand_zvbo_groen,TNO_n_functies,ORIG_FID,POINT_X,POINT_Y,POINT_Z
1,1,0599100000203529,1947,Pand in gebruik,2016-09-21,Corsanr.16/511532,8,N,2016-09-21,,2016-09-21T10:04:10.000,,2016-09-21T12:00:47.498,,4,15067,568,6122,0,2,0,0,2,0,0,0,0,0,0,BU05991017,Kop van Zuid,WK059910,GM0599,Rotterdam,1,NEE,3072,2,4480,1,10292,2755,1425,1335,8,13,51,20,8,67,25,6,1,1810,62,27,11,1.5000000,17,39,3,8,4,4,20,64,27,37,2022BU05991017,2022,buurten.5824a2f9-04cf-461d-868a-9cee9a849948,3072AP,280,155,120,10,20,135,80,30,50,0,10,10,20,180,105,65,-99997,15,1.5000000,240,-99997,-99997,-99997,-99997,-99997,-99997,240,-99997,240,40,60,-99997,65,682,-99997,postcode6.5c25a8af-0587-4798-89f3-33b2f70386dd,0599100000203529,1947,Pand in gebruik,4,1,3072AP,Wilhelminakade,Rotterdam,C,C,C,382.138172021939170,5468.943629957567282,,,,,,,0599100000203529,1947.000000000000000,5468.943630001163001,2823.000000000000000,4473,6122.000000000000000,8945.000000000000000,3072AP,3072,160,n_f3bijeenkomst;n_f9industrie,0.000000000000000,0.000000000000000,6122.000000000000000,0.000000000000000,0.000000000000000,0.000000000000000,0.000000000000000,0.000000000000000,2823.000000000000000,0.000000000000000,0.000000000000000,0.000000000000000,0.000000000000000,8945.000000000000000,0,0.000000000000000,0.000000000000000,0.680000000000000,0.000000000000000,0.000000000000000,0.000000000000000,0.000000000000000,0.000000000000000,0.320000000000000,0.000000000000000,0.000000000000000,0.000000000000000,0.000000000000000,1.000000000000000,0.680000000000000,f3bijeenkomst_pr,false,0,0,1,1,b1_Bedrijfsterrein,1,1.000000000000000,0.500000000000000,0.684000000000000,1.300000000000000,C,,C,4,f3bijeenkomst_pr,240.719999999999999,95.480000000000004,2153240.399999999906868,854068.599999999976717,Rotterdam (Noord),1,240.719999999999999,95.480000000000004,2153240.399999999906868,854068.599999999976717,f3bijeenkomst_pr,0,1,12.560000000000000,13.100000000000000,13.100000000000000,5466.350000000000364,4939.409999999999854,5696.250000000000000,1.000000000000000,1.040000000000000,5466.350000000000364,5696.250000000000000,382.139999999999986,4939.409999999999854,16102.010000000000218,71609.190000000002328,27,12,15,65.010000000000005,,,,382.138172021939170,5468.943629957567282,2.000000000000000,0.000000000000000,0.000000000000000,0.000000000000000,1.000000000000000,0.000000000000000,0.000000000000000,0.000000000000000,0.000000000000000,0.000000000000000,1.000000000000000,0.000000000000000,0.000000000000000,0.000000000000000,0.000000000000000,2.000000000000000,1,93036.292384497821331,435646.641674347221851,0.000000000000000
2,2,0599100000359215,2000,Pand in gebruik,2017-02-07,Corsanr.17/11222,8,N,2017-02-07,,2017-02-07T12:25:02.000,,2017-02-07T12:31:26.547,,2,35554,3658,31896,0,0,0,0,0,0,0,1,0,0,1,BU05991017,Kop van Zuid,WK059910,GM0599,Rotterdam,1,NEE,3072,2,4480,1,10292,2755,1425,1335,8,13,51,20,8,67,25,6,1,1810,62,27,11,1.5000000,17,39,3,8,4,4,20,64,27,37,2022BU05991017,2022,buurten.5824a2f9-04cf-461d-868a-9cee9a849948,3072DG,120,45,70,10,10,95,-99997,-99997,30,-99997,30,-99997,40,80,45,25,-99997,-99997,1.5000000,75,-99997,-99997,-99997,-99997,-99997,-99997,75,-99997,75,-99997,100,75,-99997,235,5,postcode6.16e23071-2e5a-4977-8cd7-065becd51460,0599100000359215,2000,Pand in gebruik,2,2,3072AG,Posthumalaan,Rotterdam,A,A,A,360.035661088038808,4382.519573539575504,0599100000766718,2010,Pand in gebruik,appartement,276.199416787165603,2906.674026959280127,0599100000359215,2000.000000000000000,4382.519573499354010,3658.000000000000000,17777,31896.000000000000000,35554.000000000000000,3072AG,3072,160,n_f11overig;n_f4onderwijs,0.000000000000000,0.000000000000000,0.000000000000000,31896.000000000000000,0.000000000000000,0.000000000000000,0.000000000000000,0.000000000000000,0.000000000000000,0.000000000000000,3658.000000000000000,0.000000000000000,0.000000000000000,35554.000000000000000,0,0.000000000000000,0.000000000000000,0.000000000000000,0.900000000000000,0.000000000000000,0.000000000000000,0.000000000000000,0.000000000000000,0.000000000000000,0.000000000000000,0.100000000000000,0.000000000000000,0.000000000000000,1.000000000000000,0.900000000000000,f4onderwijs_pr,false,0,0,1,1,b1_Bedrijfsterrein,1,1.000000000000000,0.500000000000000,0.897000000000000,0.930000000000000,A+,,A+,4,f4onderwijs_pr,52.430000000000000,18.359999999999999,1864096.219999999972060,652771.439999999944121,Rotterdam (Noord),1,52.430000000000000,18.359999999999999,1864096.219999999972060,652771.439999999944121,f4onderwijs_pr,0,0,10.770000000000000,35.130000000000003,35.130000000000003,4364.260000000000218,18679.619999999998981,4377.550000000000182,1.000000000000000,1.000000000000000,4364.260000000000218,4377.550000000000182,360.040000000000020,18679.619999999998981,27421.430000000000291,153316.450000000011642,56,20,36,97.930000000000007,0.000000000000000,0.000000000000000,1,360.035661088038808,4382.519573539575504,2.000000000000000,0.000000000000000,0.000000000000000,0.000000000000000,0.000000000000000,1.000000000000000,0.000000000000000,0.000000000000000,0.000000000000000,0.000000000000000,0.000000000000000,0.000000000000000,1.000000000000000,0.000000000000000,0.000000000000000,2.000000000000000,2,93624.632681872695684,435673.282109506428242,0.000000000000000
1,3,0599100000432617,2010,Pand in gebruik,2016-12-12,Corsanr.16/520300,5,N,2016-12-12,,2016-12-13T10:14:17.000,,2016-12-13T10:30:52.245,,40,29192,363,6895,0,0,0,0,0,39,0,0,0,0,1,BU05991017,Kop van Zuid,WK059910,GM0599,Rotterdam,1,NEE,3072,2,4480,1,10292,2755,1425,1335,8,13,51,20,8,67,25,6,1,1810,62,27,11,1.5000000,17,39,3,8,4,4,20,64,27,37,2022BU05991017,2022,buurten.5824a2f9-04cf-461d-868a-9cee9a849948,3072DG,120,45,70,10,10,95,-99997,-99997,30,-99997,30,-99997,40,80,45,25,-99997,-99997,1.5000000,75,-99997,-99997,-99997,-99997,-99997,-99997,75,-99997,75,-99997,100,75,-99997,235,5,postcode6.16e23071-2e5a-4977-8cd7-065becd51460,0599100000432617,2010,Pand in gebruik,40,39,3072DB,Laan op Zuid,Rotterdam,A++,A++,A++,240.636029366858565,2761.480482944277355,,,,,,,0599100000432617,2010.000000000000000,2761.480483000630102,363.000000000000000,730,6895.000000000000000,29192.000000000000000,3072AH,3072,160,n_f11overig;n_f2kantoor,0.000000000000000,22297.000000000000000,0.000000000000000,0.000000000000000,0.000000000000000,0.000000000000000,0.000000000000000,0.000000000000000,0.000000000000000,0.000000000000000,6895.000000000000000,0.000000000000000,0.000000000000000,29192.000000000000000,0,0.000000000000000,0.760000000000000,0.000000000000000,0.000000000000000,0.000000000000000,0.000000000000000,0.000000000000000,0.000000000000000,0.000000000000000,0.000000000000000,0.240000000000000,0.000000000000000,0.000000000000000,1.000000000000000,0.760000000000000,f2kantoor_pr,false,0,0,0,2,b2_Bebouwd,2,1.000000000000000,0.025000000000000,0.020000000000000,1.120000000000000,B,,B,4,f2kantoor_pr,74.569999999999993,59.229999999999997,2176847.439999999944121,1729042.159999999916181,Rotterdam (Noord),1,74.569999999999993,59.229999999999997,2176847.439999999944121,1729042.159999999916181,f2kantoor_pr,0,0,18.590000000000000,49.100000000000001,49.100000000000001,2107.929999999999836,15380.450000000000728,2113.010000000000218,0.760000000000000,1.000000000000000,2761.480000000000018,2113.010000000000218,240.639999999999986,15380.450000000000728,20254.939999999998690,135588.670000000012806,19,8,11,94.790000000000006,,,,240.636029366858565,2761.480482944277355,40.000000000000000,0.000000000000000,0.000000000000000,39.000000000000000,0.000000000000000,0.000000000000000,0.000000000000000,0.000000000000000,0.000000000000000,0.000000000000000,0.000000000000000,0.000000000000000,1.000000000000000,0.000000000000000,0.000000000000000,40.000000000000000,3,93751.546712763607502,435657.137825921177864,0.000000000000000
1,4,0599100000435130,2010,Pand in gebruik,2019-04-04,Corsanr.19/7057,5,N,2019-04-04,,2019-04-04T22:15:56.000,,2019-04-04T22:30:25.360,,15,21935,369,4290,0,1,0,0,12,1,0,0,0,0,1,BU05991017,Kop van Zuid,WK059910,GM0599,Rotterdam,1,NEE,3072,2,4480,1,10292,2755,1425,1335,8,13,51,20,8,67,25,6,1,1810,62,27,11,1.5000000,17,39,3,8,4,4,20,64,27,37,2022BU05991017,2022,buurten.5824a2f9-04cf-461d-868a-9cee9a849948,3072MD,-99997,-99997,-99997,-99997,-99997,-99997,-99997,-99997,-99997,-99997,-99997,-99997,-99997,-99997,-99997,-99997,-99997,-99997,-99997.0000000,-99997,-99997,-99997,-99997,-99997,-99997,-99997,-99997,-99997,-99997,-99997,-99997,-99997,-99997,-99997,-99997,postcode6.a210f808-9356-437d-a9bf-eaf3cac5ce55,0599100000435130,2010,Pand in gebruik,15,19,3072AR,Wilhelminakade,Rotterdam,A++,A++,A++,298.304523566925582,4369.477270822692844,,,,,,,0599100000435130,2010.000000000000000,4369.477271000178007,369.000000000000000,1462,4290.000000000000000,21935.000000000000000,3072AR,3072,160,n_f11overig;n_f2kantoor;n_f3bijeenkomst;n_f9industrie,0.000000000000000,2280.000000000000000,705.000000000000000,0.000000000000000,0.000000000000000,0.000000000000000,0.000000000000000,0.000000000000000,14660.000000000000000,0.000000000000000,4290.000000000000000,0.000000000000000,0.000000000000000,21935.000000000000000,0,0.000000000000000,0.100000000000000,0.030000000000000,0.000000000000000,0.000000000000000,0.000000000000000,0.000000000000000,0.000000000000000,0.670000000000000,0.000000000000000,0.200000000000000,0.000000000000000,0.000000000000000,1.000000000000000,0.670000000000000,f9industrie_pr,false,0,0,1,1,b1_Bedrijfsterrein,1,15.000000000000000,1.000000000000000,1.000000000000000,0.800000000000000,A2+,,A2+,4,f9industrie_pr,45.859999999999999,111.359999999999999,1005939.099999999976717,2442681.600000000093132,Rotterdam (Noord),1,45.859999999999999,111.359999999999999,1005939.099999999976717,2442681.600000000093132,f9industrie_pr,0,0,9.119999999999999,19.420000000000002,19.420000000000002,4365.560000000000400,8466.040000000000873,4469.220000000000255,1.000000000000000,1.020000000000000,4365.560000000000400,4469.220000000000255,298.300000000000011,8466.040000000000873,17300.819999999999709,84779.179999999993015,25,16,9,31.710000000000001,,,,298.304523566925582,4369.477270822692844,15.000000000000000,0.000000000000000,0.000000000000000,1.000000000000000,1.000000000000000,0.000000000000000,0.000000000000000,0.000000000000000,0.000000000000000,0.000000000000000,12.000000000000000,0.000000000000000,1.000000000000000,0.000000000000000,0.000000000000000,15.000000000000000,4,93049.641706056892872,435585.166829124093056,0.000000000000000
0,5,0599100000642881,1900,Pand in gebruik,2015-09-23,Corsanr.15/52676,2,N,2015-09-23,,2015-09-27T03:57:27.000,,2015-09-27T04:00:13.689,,1,7951,7951,7951,0,1,0,0,0,0,0,0,0,0,0,BU05991017,Kop van Zuid,WK059910,GM0599,Rotterdam,1,NEE,3072,2,4480,1,10292,2755,1425,1335,8,13,51,20,8,67,25,6,1,1810,62,27,11,1.5000000,17,39,3,8,4,4,20,64,27,37,2022BU05991017,2022,buurten.5824a2f9-04cf-461d-868a-9cee9a849948,3072MH,215,120,95,15,10,40,90,50,70,-99997,10,10,20,115,40,55,5,15,1.8000000,145,-99997,-99997,-99997,-99997,-99997,-99997,145,-99997,145,70,30,-99997,30,813,-99997,postcode6.1dd919d0-19ac-43f9-949f-a286af3e8481,,,,,,,,,,,,,,,,,,,,0599100000642881,1900.000000000000000,2037.344372000633712,7951.000000000000000,7951,7951.000000000000000,7951.000000000000000,3072AD,3072,160,n_f3bijeenkomst,0.000000000000000,0.000000000000000,7951.000000000000000,0.000000000000000,0.000000000000000,0.000000000000000,0.000000000000000,0.000000000000000,0.000000000000000,0.000000000000000,0.000000000000000,0.000000000000000,0.000000000000000,7951.000000000000000,0,0.000000000000000,0.000000000000000,1.000000000000000,0.000000000000000,0.000000000000000,0.000000000000000,0.000000000000000,0.000000000000000,0.000000000000000,0.000000000000000,0.000000000000000,0.000000000000000,0.000000000000000,1.000000000000000,1.000000000000000,f3bijeenkomst_pr,false,0,0,0,2,b2_Bebouwd,2,,,0.000000000000000,0.000000000000000,,G,G,4,f3bijeenkomst_pr,304.769999999999982,92.010000000000005,2423226.270000000018626,731571.510000000009313,Rotterdam (Noord),1,304.769999999999982,92.010000000000005,2423226.270000000018626,731571.510000000009313,f3bijeenkomst_pr,0,0,12.560000000000000,19.149999999999999,19.149999999999999,2032.130000000000109,6215.579999999999927,2195.900000000000091,1.000000000000000,1.080000000000000,2032.130000000000109,2195.900000000000091,197.319999999999993,6215.579999999999927,10443.610000000000582,38915.290000000000873,53,34,19,80.469999999999999,,,,197.323672275838618,2037.344372009766630,1.000000000000000,0.000000000000000,0.000000000000000,0.000000000000000,1.000000000000000,0.000000000000000,0.000000000000000,0.000000000000000,0.000000000000000,0.000000000000000,0.000000000000000,0.000000000000000,0.000000000000000,0.000000000000000,0.000000000000000,1.000000000000000,5,92884.306770913302898,435456.953652620315552,0.000000000000000
1,6,0599100000664138,2001,Pand in gebruik,2016-02-08,Corsanr.16/3918,3,N,2016-02-08,,2016-02-08T19:00:30.000,,2016-02-08T19:30:00.882,,2,15163,5376,9787,0,0,0,0,0,1,0,1,0,0,0,BU05991017,Kop van Zuid,WK059910,GM0599,Rotterdam,1,NEE,3072,2,4480,1,10292,2755,1425,1335,8,13,51,20,8,67,25,6,1,1810,62,27,11,1.5000000,17,39,3,8,4,4,20,64,27,37,2022BU05991017,2022,buurten.5824a2f9-04cf-461d-868a-9cee9a849948,3072AG,-99997,-99997,-99997,-99997,-99997,-99997,-99997,-99997,-99997,-99997,-99997,-99997,-99997,-99997,-99997,-99997,-99997,-99997,-99997.0000000,-99997,-99997,-99997,-99997,-99997,-99997,-99997,-99997,-99997,-99997,-99997,-99997,-99997,-99997,-99997,-99997,postcode6.1f7daeff-108d-41f3-95f0-d953a8415d80,0599100000664138,2001,Pand in gebruik,2,2,3072AG,Posthumalaan,Rotterdam,A++,A+,A++,222.985940948646231,1486.719048377098034,,,,,,,0599100000664138,2001.000000000000000,1486.719048501141970,5376.000000000000000,7582,9787.000000000000000,15163.000000000000000,3072AG,3072,160,n_f2kantoor;n_f4onderwijs,0.000000000000000,5376.000000000000000,0.000000000000000,9787.000000000000000,0.000000000000000,0.000000000000000,0.000000000000000,0.000000000000000,0.000000000000000,0.000000000000000,0.000000000000000,0.000000000000000,0.000000000000000,15163.000000000000000,0,0.000000000000000,0.350000000000000,0.000000000000000,0.650000000000000,0.000000000000000,0.000000000000000,0.000000000000000,0.000000000000000,0.000000000000000,0.000000000000000,0.000000000000000,0.000000000000000,0.000000000000000,1.000000000000000,0.650000000000000,f4onderwijs_pr,false,0,0,0,2,b2_Bebouwd,2,2.000000000000000,1.000000000000000,1.000000000000000,0.857000000000000,A2+,,A2+,4,f4onderwijs_pr,52.990000000000002,18.379999999999999,803487.369999999995343,278695.940000000002328,Rotterdam (Noord),1,52.990000000000002,18.379999999999999,803487.369999999995343,278695.940000000002328,f4onderwijs_pr,0,0,10.770000000000000,37.409999999999997,37.409999999999997,1475.190000000000055,9411.430000000000291,1486.029999999999973,0.990000000000000,1.010000000000000,1475.190000000000055,1486.029999999999973,222.990000000000009,9411.430000000000291,12372.649999999999636,55186.860000000000582,22,10,12,82.810000000000002,,,,222.985940948646231,1486.719048377098034,2.000000000000000,0.000000000000000,0.000000000000000,1.000000000000000,0.000000000000000,1.000000000000000,0.000000000000000,0.000000000000000,0.000000000000000,0.000000000000000,0.000000000000000,0.000000000000000,0.000000000000000,0.000000000000000,0.000000000000000,2.000000000000000,6,93690.804500002413988,435595.769309908151627,0.000000000000000
1,7,0599100000664144,2000,Pand in gebruik,2022-06-21,Corsanr.22/13648,4,N,2022-06-21,,2022-06-23T15:45:28.394,,2022-06-23T15:45:39.040,,1,7418,7418,7418,0,0,0,0,0,1,0,0,0,0,0,BU05991017,Kop van Zuid,WK059910,GM0599,Rotterdam,1,NEE,3072,2,4480,1,10292,2755,1425,1335,8,13,51,20,8,67,25,6,1,1810,62,27,11,1.5000000,17,39,3,8,4,4,20,64,27,37,2022BU05991017,2022,buurten.5824a2f9-04cf-461d-868a-9cee9a849948,3072AG,-99997,-99997,-99997,-99997,-99997,-99997,-99997,-99997,-99997,-99997,-99997,-99997,-99997,-99997,-99997,-99997,-99997,-99997,-99997.0000000,-99997,-99997,-99997,-99997,-99997,-99997,-99997,-99997,-99997,-99997,-99997,-99997,-99997,-99997,-99997,-99997,postcode6.1f7daeff-108d-41f3-95f0-d953a8415d80,0599100000664144,2000,Pand in gebruik,1,1,3072AG,Posthumalaan,Rotterdam,A,A,A,123.389810911704700,658.613205500415688,,,,,,,0599100000664144,2000.000000000000000,658.611112500104696,7418.000000000000000,7418,7418.000000000000000,7418.000000000000000,3072AG,3072,160,n_f2kantoor,0.000000000000000,7418.000000000000000,0.000000000000000,0.000000000000000,0.000000000000000,0.000000000000000,0.000000000000000,0.000000000000000,0.000000000000000,0.000000000000000,0.000000000000000,0.000000000000000,0.000000000000000,7418.000000000000000,0,0.000000000000000,1.000000000000000,0.000000000000000,0.000000000000000,0.000000000000000,0.000000000000000,0.000000000000000,0.000000000000000,0.000000000000000,0.000000000000000,0.000000000000000,0.000000000000000,0.000000000000000,1.000000000000000,1.000000000000000,f2kantoor_pr,false,0,0,0,2,b2_Bebouwd,2,1.000000000000000,1.000000000000000,1.000000000000000,0.920000000000000,A+,,A+,4,f2kantoor_pr,71.189999999999998,59.090000000000003,528087.420000000041910,438329.619999999995343,Rotterdam (Noord),1,71.189999999999998,59.090000000000003,528087.420000000041910,438329.619999999995343,f2kantoor_pr,0,0,18.590000000000000,40.170000000000002,40.170000000000002,650.720000000000027,4952.930000000000291,650.779999999999973,0.990000000000000,1.000000000000000,650.720000000000027,650.779999999999973,123.390000000000001,4952.930000000000291,6254.430000000000291,26139.419999999998254,10,2,8,98.980000000000004,,,,123.389810869475568,658.611112491831932,1.000000000000000,0.000000000000000,0.000000000000000,1.000000000000000,0.000000000000000,0.000000000000000,0.000000000000000,0.000000000000000,0.000000000000000,0.000000000000000,0.000000000000000,0.000000000000000,0.000000000000000,0.000000000000000,0.000000000000000,1.000000000000000,7,93520.092053335160017,435720.905495800077915,0.000000000000000
1,8,0599100000664968,1897,Pand in gebruik,2016-02-08,Corsanr.16/3918,2,N,2016-02-08,,2016-02-08T17:32:47.000,,2016-02-08T18:00:17.064,,155,9830,20,1033,153,0,0,0,1,0,0,154,0,0,1,BU05991017,Kop van Zuid,WK059910,GM0599,Rotterdam,1,NEE,3072,2,4480,1,10292,2755,1425,1335,8,13,51,20,8,67,25,6,1,1810,62,27,11,1.5000000,17,39,3,8,4,4,20,64,27,37,2022BU05991017,2022,buurten.5824a2f9-04cf-461d-868a-9cee9a849948,3072MB,-99997,-99997,-99997,-99997,-99997,-99997,-99997,-99997,-99997,-99997,-99997,-99997,-99997,-99997,-99997,-99997,-99997,-99997,-99997.0000000,-99997,-99997,-99997,-99997,-99997,-99997,-99997,-99997,-99997,-99997,-99997,-99997,-99997,-99997,-99997,-99997,postcode6.08d5b580-c86d-42d5-89f8-6ade75365fa4,0599100000664968,1897,Pand in gebruik,155,117,3072MA,Prinsendam,Rotterdam,C,F,C,267.806325339303498,3484.438663429202279,0599100000664968,1897,Pand in gebruik,appartement,267.806325339303498,3484.438663429202279,0599100000664968,1897.000000000000000,3484.438663499719496,20.000000000000000,63,1033.000000000000000,9830.000000000000000,3072AR,3072,160,n_f11overig;n_f1woon;n_f4onderwijs;n_f9industrie,8424.000000000000000,0.000000000000000,0.000000000000000,8797.000000000000000,0.000000000000000,0.000000000000000,0.000000000000000,0.000000000000000,373.000000000000000,0.000000000000000,1033.000000000000000,0.000000000000000,0.000000000000000,18627.000000000000000,0,0.450000000000000,0.000000000000000,0.000000000000000,0.470000000000000,0.000000000000000,0.000000000000000,0.000000000000000,0.000000000000000,0.020000000000000,0.000000000000000,0.060000000000000,0.000000000000000,0.000000000000000,1.000000000000000,0.470000000000000,f4onderwijs_pr,false,0,0,1,1,b1_Bedrijfsterrein,1,,,0.000000000000000,0.000000000000000,,G,G,4,f4onderwijs_pr,114.530000000000001,13.710000000000001,1125829.899999999906868,134769.299999999988358,Rotterdam (Noord),1,114.530000000000001,13.710000000000001,1125829.899999999906868,134769.299999999988358,f4onderwijs_pr,1,0,10.770000000000000,13.779999999999999,13.779999999999999,3452.760000000000218,5906.420000000000073,3463.409999999999854,0.990000000000000,1.000000000000000,3452.760000000000218,3463.409999999999854,267.810000000000002,5906.420000000000073,12822.590000000000146,47579.029999999998836,22,3,19,97.930000000000007,0.080000000000000,0.080000000000000,1,267.806325339303498,3484.438663429202279,155.000000000000000,0.000000000000000,153.000000000000000,0.000000000000000,0.000000000000000,154.000000000000000,0.000000000000000,0.000000000000000,0.000000000000000,0.000000000000000,1.000000000000000,0.000000000000000,1.000000000000000,0.000000000000000,0.000000000000000,309.000000000000000,8,93222.958582263439894,435719.270346224308014,0.000000000000000
1,9,0599100000664969,1997,Pand in gebruik,2016-02-08,Corsanr.16/3918,2,N,2016-02-08,,2016-02-09T09:42:57.000,,2016-02-09T10:00:15.350,,29,2754,84,108,27,0,0,0,2,0,0,28,0,0,0,BU05991017,Kop van Zuid,WK059910,GM0599,Rotterdam,1,NEE,3072,2,4480,1,10292,2755,1425,1335,8,13,51,20,8,67,25,6,1,1810,62,27,11,1.5000000,17,39,3,8,4,4,20,64,27,37,2022BU05991017,2022,buurten.5824a2f9-04cf-461d-868a-9cee9a849948,3072MA,290,125,165,-99997,135,145,5,-99997,50,10,20,0,20,255,225,25,-99997,-99997,1.1000000,175,150,-99997,-99997,-99997,-99997,25,-99997,-99997,175,-99997,100,175,-99997,199,10,postcode6.b19bbd84-cc9c-4078-aacb-c80a2354cb8e,0599100000664968,1897,Pand in gebruik,155,117,3072MA,Prinsendam,Rotterdam,C,F,C,267.806325339303498,3484.438663429202279,0599100000664969,1997,Pand in gebruik,appartement,80.466633951031994,371.911186998096241,0599100000664969,1997.000000000000000,371.911187000052792,84.000000000000000,95,108.000000000000000,2754.000000000000000,3072AR,3072,160,n_f1woon;n_f4onderwijs;n_f9industrie,2538.000000000000000,0.000000000000000,0.000000000000000,2646.000000000000000,0.000000000000000,0.000000000000000,0.000000000000000,0.000000000000000,216.000000000000000,0.000000000000000,0.000000000000000,0.000000000000000,0.000000000000000,5400.000000000000000,0,0.470000000000000,0.000000000000000,0.000000000000000,0.490000000000000,0.000000000000000,0.000000000000000,0.000000000000000,0.000000000000000,0.040000000000000,0.000000000000000,0.000000000000000,0.000000000000000,0.000000000000000,1.000000000000000,0.490000000000000,f4onderwijs_pr,false,0,0,1,1,b1_Bedrijfsterrein,1,,,0.000000000000000,0.000000000000000,,C,C,3,f4onderwijs_pr,83.359999999999999,34.460000000000001,229573.440000000002328,94902.839999999996508,Rotterdam (Noord),1,83.359999999999999,34.460000000000001,229573.440000000002328,94902.839999999996508,f4onderwijs_pr,0,1,6.600000000000000,28.739999999999998,28.739999999999998,370.550000000000011,2329.570000000000164,370.550000000000011,1.000000000000000,1.000000000000000,370.550000000000011,370.550000000000011,80.469999999999999,2329.570000000000164,3070.670000000000073,10649.610000000000582,2,0,2,100.000000000000000,0.280000000000000,0.140000000000000,1,80.466633951031994,371.911186998096241,29.000000000000000,0.000000000000000,27.000000000000000,0.000000000000000,0.000000000000000,28.000000000000000,0.000000000000000,0.000000000000000,0.000000000000000,0.000000000000000,2.000000000000000,0.000000000000000,0.000000000000000,0.000000000000000,0.000000000000000,57.000000000000000,9,93266.063472613692284,435757.798838078975677,0.000000000000000
0,10,0599100000691008,1996,Pand in gebruik,2015-09-23,Corsanr.15/52676,3,N,2015-09-23,,2015-09-27T04:49:19.000,,2015-09-27T05:00:10.346,,1,249,249,249,0,0,0,0,1,0,0,0,0,0,0,BU05991017,Kop van Zuid,WK059910,GM0599,Rotterdam,1,NEE,3072,2,4480,1,10292,2755,1425,1335,8,13,51,20,8,67,25,6,1,1810,62,27,11,1.5000000,17,39,3,8,4,4,20,64,27,37,2022BU05991017,2022,buurten.5824a2f9-04cf-461d-868a-9cee9a849948,3072AP,280,155,120,10,20,135,80,30,50,0,10,10,20,180,105,65,-99997,15,1.5000000,240,-99997,-99997,-99997,-99997,-99997,-99997,240,-99997,240,40,60,-99997,65,682,-99997,postcode6.5c25a8af-0587-4798-89f3-33b2f70386dd,,,,,,,,,,,,,,,,,,,,0599100000691008,1996.000000000000000,141.360425000001186,249.000000000000000,249,249.000000000000000,249.000000000000000,3072AP,3072,160,n_f9industrie,0.000000000000000,0.000000000000000,0.000000000000000,0.000000000000000,0.000000000000000,0.000000000000000,0.000000000000000,0.000000000000000,249.000000000000000,0.000000000000000,0.000000000000000,0.000000000000000,0.000000000000000,249.000000000000000,0,0.000000000000000,0.000000000000000,0.000000000000000,0.000000000000000,0.000000000000000,0.000000000000000,0.000000000000000,0.000000000000000,1.000000000000000,0.000000000000000,0.000000000000000,0.000000000000000,0.000000000000000,1.000000000000000,1.000000000000000,f9industrie_pr,false,0,0,1,1,b1_Bedrijfsterrein,1,,,0.000000000000000,0.000000000000000,,C,C,1,f9industrie_pr,141.000000000000000,55.600000000000001,35109.000000000000000,13844.399999999999636,Rotterdam (Noord),1,141.000000000000000,55.600000000000001,35109.000000000000000,13844.399999999999636,f9industrie_pr,0,0,5.550000000000000,17.620000000000001,17.620000000000001,135.750000000000000,1161.369999999999891,136.080000000000013,0.960000000000000,1.000000000000000,135.750000000000000,136.080000000000013,60.850000000000001,1161.369999999999891,1433.200000000000045,2391.920000000000073,8,3,5,95.040000000000006,,,,60.848442385616572,141.360425016610691,1.000000000000000,0.000000000000000,0.000000000000000,0.000000000000000,0.000000000000000,0.000000000000000,0.000000000000000,0.000000000000000,0.000000000000000,0.000000000000000,1.000000000000000,0.000000000000000,0.000000000000000,0.000000000000000,0.000000000000000,1.000000000000000,10,93446.989357382059097,435975.404751032590866,0.000000000000000
1,11,0599100000691009,2000,Pand in gebruik,2018-12-06,Corsanr.18/1026912,3,N,2018-12-06,,2018-12-06T10:45:38.000,,2018-12-06T11:00:30.073,,1,27938,27938,27938,0,0,0,0,0,1,0,0,0,0,0,BU05991017,Kop van Zuid,WK059910,GM0599,Rotterdam,1,NEE,3072,2,4480,1,10292,2755,1425,1335,8,13,51,20,8,67,25,6,1,1810,62,27,11,1.5000000,17,39,3,8,4,4,20,64,27,37,2022BU05991017,2022,buurten.5824a2f9-04cf-461d-868a-9cee9a849948,3072AP,280,155,120,10,20,135,80,30,50,0,10,10,20,180,105,65,-99997,15,1.5000000,240,-99997,-99997,-99997,-99997,-99997,-99997,240,-99997,240,40,60,-99997,65,682,-99997,postcode6.5c25a8af-0587-4798-89f3-33b2f70386dd,0599100000691009,2000,Pand in gebruik,1,1,3072AP,Wilhelminakade,Rotterdam,A,A,A,219.673877606950128,2335.621114431445676,,,,,,,0599100000691009,2000.000000000000000,2335.621114500901513,27938.000000000000000,27938,27938.000000000000000,27938.000000000000000,3072AP,3072,160,n_f2kantoor,0.000000000000000,27938.000000000000000,0.000000000000000,0.000000000000000,0.000000000000000,0.000000000000000,0.000000000000000,0.000000000000000,0.000000000000000,0.000000000000000,0.000000000000000,0.000000000000000,0.000000000000000,27938.000000000000000,0,0.000000000000000,1.000000000000000,0.000000000000000,0.000000000000000,0.000000000000000,0.000000000000000,0.000000000000000,0.000000000000000,0.000000000000000,0.000000000000000,0.000000000000000,0.000000000000000,0.000000000000000,1.000000000000000,1.000000000000000,f2kantoor_pr,false,0,0,1,1,b1_Bedrijfsterrein,1,1.000000000000000,1.000000000000000,1.000000000000000,0.690000000000000,A2+,,A2+,4,f2kantoor_pr,69.390000000000001,59.170000000000002,1938617.820000000065193,1653091.459999999962747,Rotterdam (Noord),1,69.390000000000001,59.170000000000002,1938617.820000000065193,1653091.459999999962747,f2kantoor_pr,0,0,18.590000000000000,68.469999999999999,68.469999999999999,1924.619999999999891,15311.879999999999200,1926.819999999999936,0.820000000000000,1.000000000000000,2335.619999999999891,1926.819999999999936,219.669999999999987,15311.879999999999200,19574.319999999999709,159919.899999999994179,31,7,24,98.579999999999998,,,,219.673877606950128,2335.621114431445676,1.000000000000000,0.000000000000000,0.000000000000000,1.000000000000000,0.000000000000000,0.000000000000000,0.000000000000000,0.000000000000000,0.000000000000000,0.000000000000000,0.000000000000000,0.000000000000000,0.000000000000000,0.000000000000000,0.000000000000000,1.000000000000000,11,93203.833208341151476,435790.214249767363071,0.000000000000000
1,12,0599100000691020,2000,Pand in gebruik,2018-07-12,Corsanr.18/15811,6,N,2018-07-12,,2018-07-12T12:31:35.000,,2018-07-12T13:00:25.487,,36,52327,82,13726,0,1,0,0,0,34,0,0,0,0,1,BU05991017,Kop van Zuid,WK059910,GM0599,Rotterdam,1,NEE,3072,2,4480,1,10292,2755,1425,1335,8,13,51,20,8,67,25,6,1,1810,62,27,11,1.5000000,17,39,3,8,4,4,20,64,27,37,2022BU05991017,2022,buurten.5824a2f9-04cf-461d-868a-9cee9a849948,3072MC,-99997,-99997,-99997,-99997,-99997,-99997,-99997,-99997,-99997,-99997,-99997,-99997,-99997,-99997,-99997,-99997,-99997,-99997,-99997.0000000,-99997,-99997,-99997,-99997,-99997,-99997,-99997,-99997,-99997,-99997,-99997,-99997,-99997,-99997,-99997,-99997,postcode6.229213a9-9317-4cc0-b139-e997da0d7cd6,0599100000691020,2000,Pand in gebruik,36,36,3072AP,Wilhelminakade,Rotterdam,A,A,A,292.467537235587656,3505.279801508197579,,,,,,,0599100000691020,2000.000000000000000,3505.279801500145368,82.000000000000000,1454,13726.000000000000000,52341.000000000000000,3072AP,3072,160,n_f11overig;n_f2kantoor;n_f3bijeenkomst,0.000000000000000,38379.000000000000000,236.000000000000000,0.000000000000000,0.000000000000000,0.000000000000000,0.000000000000000,0.000000000000000,0.000000000000000,0.000000000000000,13726.000000000000000,0.000000000000000,0.000000000000000,52341.000000000000000,0,0.000000000000000,0.730000000000000,0.000000000000000,0.000000000000000,0.000000000000000,0.000000000000000,0.000000000000000,0.000000000000000,0.000000000000000,0.000000000000000,0.260000000000000,0.000000000000000,0.000000000000000,0.990000000000000,0.730000000000000,f2kantoor_pr,false,0,0,1,2,b2_Bebouwd,1,36.000000000000000,1.000000000000000,1.000000000000000,0.730000000000000,A2+,,A2+,4,f2kantoor_pr,69.390000000000001,59.170000000000002,3631941.990000000223517,3097016.970000000204891,Rotterdam (Noord),1,69.390000000000001,59.170000000000002,3631941.990000000223517,3097016.970000000204891,f2kantoor_pr,1,0,18.590000000000000,26.059999999999999,26.059999999999999,3503.320000000000164,22987.180000000000291,3823.750000000000000,1.000000000000000,1.090000000000000,3503.320000000000164,3823.750000000000000,292.470000000000027,22987.180000000000291,30314.250000000000000,91296.520000000004075,65,34,31,82.590000000000003,,,,292.467537235587656,3505.279801508197579,36.000000000000000,0.000000000000000,0.000000000000000,34.000000000000000,1.000000000000000,0.000000000000000,0.000000000000000,0.000000000000000,0.000000000000000,0.000000000000000,0.000000000000000,0.000000000000000,1.000000000000000,0.000000000000000,0.000000000000000,36.000000000000000,12,92875.827673908323050,435532.932625692337751,0.000000000000000
1,13,0599100000691047,1997,Pand in gebruik,2016-02-08,Corsanr.16/3918,3,N,2016-02-08,,2016-02-08T18:33:34.000,,2016-02-08T19:00:14.839,,38,17679,411,2009,0,0,0,0,0,38,0,0,0,0,0,BU05991017,Kop van Zuid,WK059910,GM0599,Rotterdam,1,NEE,3072,2,4480,1,10292,2755,1425,1335,8,13,51,20,8,67,25,6,1,1810,62,27,11,1.5000000,17,39,3,8,4,4,20,64,27,37,2022BU05991017,2022,buurten.5824a2f9-04cf-461d-868a-9cee9a849948,3072DE,-99997,-99997,-99997,-99997,-99997,-99997,-99997,-99997,-99997,-99997,-99997,-99997,-99997,-99997,-99997,-99997,-99997,-99997,-99997.0000000,-99997,-99997,-99997,-99997,-99997,-99997,-99997,-99997,-99997,-99997,-99997,-99997,-99997,-99997,-99997,-99997,postcode6.87394417-6674-4d40-bd83-d6c81b51502c,0599100000691047,1997,Pand in gebruik,38,1,3072DE,Wilhelminaplein,Rotterdam,A,A,A,128.348400117042019,926.530473983007823,,,,,,,0599100000691047,1997.000000000000000,926.530473999821083,411.000000000000000,465,2009.000000000000000,17679.000000000000000,3072DE,3072,160,n_f2kantoor,0.000000000000000,17679.000000000000000,0.000000000000000,0.000000000000000,0.000000000000000,0.000000000000000,0.000000000000000,0.000000000000000,0.000000000000000,0.000000000000000,0.000000000000000,0.000000000000000,0.000000000000000,17679.000000000000000,0,0.000000000000000,1.000000000000000,0.000000000000000,0.000000000000000,0.000000000000000,0.000000000000000,0.000000000000000,0.000000000000000,0.000000000000000,0.000000000000000,0.000000000000000,0.000000000000000,0.000000000000000,1.000000000000000,1.000000000000000,f2kantoor_pr,false,0,0,0,2,b2_Bebouwd,2,1.000000000000000,0.026000000000000,0.114000000000000,0.900000000000000,A2+,,A2+,4,f2kantoor_pr,69.390000000000001,59.170000000000002,1226745.810000000055879,1046066.430000000051223,Rotterdam (Noord),1,69.390000000000001,59.170000000000002,1226745.810000000055879,1046066.430000000051223,f2kantoor_pr,0,0,18.590000000000000,71.069999999999993,71.069999999999993,918.559999999999945,10766.389999999999418,923.350000000000023,0.990000000000000,1.010000000000000,918.559999999999945,923.350000000000023,128.349999999999994,10766.389999999999418,12608.299999999999272,65282.059999999997672,23,10,13,91.930000000000007,0.260000000000000,0.030000000000000,1,128.348400117042019,926.530473983007823,38.000000000000000,0.000000000000000,0.000000000000000,38.000000000000000,0.000000000000000,0.000000000000000,0.000000000000000,0.000000000000000,0.000000000000000,0.000000000000000,0.000000000000000,0.000000000000000,0.000000000000000,0.000000000000000,0.000000000000000,38.000000000000000,13,93452.215819273144007,435875.649380546063185,0.000000000000000
1,14,0599100000691049,1996,Pand in gebruik,2015-09-23,Corsanr.15/52676,2,N,2015-09-23,,2015-09-27T05:11:09.000,,2015-09-27T05:30:09.045,,1,7867,7867,7867,0,0,0,0,0,1,0,0,0,0,0,BU05991017,Kop van Zuid,WK059910,GM0599,Rotterdam,1,NEE,3072,2,4480,1,10292,2755,1425,1335,8,13,51,20,8,67,25,6,1,1810,62,27,11,1.5000000,17,39,3,8,4,4,20,64,27,37,2022BU05991017,2022,buurten.5824a2f9-04cf-461d-868a-9cee9a849948,3072DE,-99997,-99997,-99997,-99997,-99997,-99997,-99997,-99997,-99997,-99997,-99997,-99997,-99997,-99997,-99997,-99997,-99997,-99997,-99997.0000000,-99997,-99997,-99997,-99997,-99997,-99997,-99997,-99997,-99997,-99997,-99997,-99997,-99997,-99997,-99997,-99997,postcode6.87394417-6674-4d40-bd83-d6c81b51502c,0599100000691049,1996,Pand in gebruik,1,1,3072AL,Wilhelminaplein,Rotterdam,A,A,A,185.402289492434733,1727.112679928438411,,,,,,,0599100000691049,1996.000000000000000,1727.112680000528371,7867.000000000000000,7867,7867.000000000000000,7867.000000000000000,3072AK,3072,160,n_f2kantoor,0.000000000000000,7867.000000000000000,0.000000000000000,0.000000000000000,0.000000000000000,0.000000000000000,0.000000000000000,0.000000000000000,0.000000000000000,0.000000000000000,0.000000000000000,0.000000000000000,0.000000000000000,7867.000000000000000,0,0.000000000000000,1.000000000000000,0.000000000000000,0.000000000000000,0.000000000000000,0.000000000000000,0.000000000000000,0.000000000000000,0.000000000000000,0.000000000000000,0.000000000000000,0.000000000000000,0.000000000000000,1.000000000000000,1.000000000000000,f2kantoor_pr,false,0,0,0,2,b2_Bebouwd,2,1.000000000000000,1.000000000000000,1.000000000000000,0.910000000000000,A+,,A+,4,f2kantoor_pr,71.189999999999998,59.090000000000003,560051.729999999981374,464861.030000000027940,Rotterdam (Noord),1,71.189999999999998,59.090000000000003,560051.729999999981374,464861.030000000027940,f2kantoor_pr,0,0,18.590000000000000,24.039999999999999,24.039999999999999,1726.930000000000064,5302.149999999999636,1737.460000000000036,1.000000000000000,1.010000000000000,1726.930000000000064,1737.460000000000036,185.400000000000006,5302.149999999999636,8766.540000000000873,41515.400000000001455,18,1,17,100.000000000000000,0.360000000000000,0.120000000000000,1,185.402289492434733,1727.112679928438411,1.000000000000000,0.000000000000000,0.000000000000000,1.000000000000000,0.000000000000000,0.000000000000000,0.000000000000000,0.000000000000000,0.000000000000000,0.000000000000000,0.000000000000000,0.000000000000000,0.000000000000000,0.000000000000000,0.000000000000000,1.000000000000000,14,93414.021500833332539,435813.862697463482618,0.000000000000000
4,15,0599100000691050,1998,Pand in gebruik,2016-02-08,Corsanr.16/3918,5,N,2016-02-08,,2016-02-08T18:59:34.000,,2016-02-08T19:00:51.825,,6,967,37,530,0,0,0,0,4,1,0,0,0,1,0,BU05991017,Kop van Zuid,WK059910,GM0599,Rotterdam,1,NEE,3072,2,4480,1,10292,2755,1425,1335,8,13,51,20,8,67,25,6,1,1810,62,27,11,1.5000000,17,39,3,8,4,4,20,64,27,37,2022BU05991017,2022,buurten.5824a2f9-04cf-461d-868a-9cee9a849948,3072DE,-99997,-99997,-99997,-99997,-99997,-99997,-99997,-99997,-99997,-99997,-99997,-99997,-99997,-99997,-99997,-99997,-99997,-99997,-99997.0000000,-99997,-99997,-99997,-99997,-99997,-99997,-99997,-99997,-99997,-99997,-99997,-99997,-99997,-99997,-99997,-99997,postcode6.87394417-6674-4d40-bd83-d6c81b51502c,0599100000702384,1996,Pand in gebruik,3,2,3072DB,Laan op Zuid,Rotterdam,A+++,A+++,A+++,451.290543564728637,5503.456657515617735,,,,,,,0599100000691050,1998.000000000000000,4237.597640000840329,37.000000000000000,161,530.000000000000000,967.000000000000000,3072AG,3072,160,n_f2kantoor;n_f5winkel;n_f9industrie,0.000000000000000,156.000000000000000,0.000000000000000,0.000000000000000,37.000000000000000,0.000000000000000,0.000000000000000,0.000000000000000,774.000000000000000,0.000000000000000,0.000000000000000,0.000000000000000,0.000000000000000,967.000000000000000,0,0.000000000000000,0.160000000000000,0.000000000000000,0.000000000000000,0.040000000000000,0.000000000000000,0.000000000000000,0.000000000000000,0.800000000000000,0.000000000000000,0.000000000000000,0.000000000000000,0.000000000000000,1.000000000000000,0.800000000000000,f9industrie_pr,false,0,0,0,2,b2_Bebouwd,2,,,0.000000000000000,0.000000000000000,,B,B,2,f9industrie_pr,73.219999999999999,40.640000000000001,70803.740000000005239,39298.879999999997381,Rotterdam (Noord),1,73.219999999999999,40.640000000000001,70803.740000000005239,39298.879999999997381,f9industrie_pr,0,0,6.220000000000000,8.359999999999999,8.359999999999999,,,,,,4237.600000000000364,4237.600000000000364,442.040000000000020,3695.449999999999818,12170.649999999999636,35426.339999999996508,46,25,21,81.810000000000002,0.740000000000000,0.740000000000000,1,442.040773882826272,4237.597640147187121,6.000000000000000,0.000000000000000,0.000000000000000,1.000000000000000,0.000000000000000,0.000000000000000,1.000000000000000,0.000000000000000,0.000000000000000,0.000000000000000,4.000000000000000,0.000000000000000,0.000000000000000,0.000000000000000,0.000000000000000,6.000000000000000,15,93460.289492029696703,435828.007835723459721,0.000000000000000
1,16,0599100000691456,2002,Pand in gebruik,2015-09-23,Corsanr.15/52676,2,N,2015-09-23,,2015-09-27T03:43:11.000,,2015-09-27T04:00:10.851,,115,12777,85,1056,107,0,0,2,1,3,0,0,0,1,1,BU05991017,Kop van Zuid,WK059910,GM0599,Rotterdam,1,NEE,3072,2,4480,1,10292,2755,1425,1335,8,13,51,20,8,67,25,6,1,1810,62,27,11,1.5000000,17,39,3,8,4,4,20,64,27,37,2022BU05991017,2022,buurten.5824a2f9-04cf-461d-868a-9cee9a849948,3071ML,65,40,30,15,10,20,20,-99997,50,-99997,20,10,20,25,-99997,10,-99997,10,2.5999999,30,-99997,-99997,-99997,-99997,-99997,10,20,-99997,30,90,-99997,-99997,-99997,555,-99997,postcode6.e514a438-d889-4305-9a3b-8d18bb26bfa7,0599100000691456,2002,Pand in gebruik,115,60,3071AA,Laan op Zuid,Rotterdam,A,B,A+,229.486688974128128,2946.293877525595235,0599100000691456,2002,Pand in gebruik,appartement,229.486688974128128,2946.293877525595235,0599100000691456,2002.000000000000000,2946.414675999584688,85.000000000000000,116,1056.000000000000000,12833.000000000000000,3071AA,3071,160,n_f11overig;n_f1woon;n_f5winkel;n_f9industrie,10688.000000000000000,0.000000000000000,0.000000000000000,0.000000000000000,919.000000000000000,0.000000000000000,0.000000000000000,0.000000000000000,170.000000000000000,0.000000000000000,1056.000000000000000,0.000000000000000,0.000000000000000,12833.000000000000000,0,0.830000000000000,0.000000000000000,0.000000000000000,0.000000000000000,0.070000000000000,0.000000000000000,0.000000000000000,0.000000000000000,0.010000000000000,0.000000000000000,0.080000000000000,0.000000000000000,0.000000000000000,0.990000000000000,0.830000000000000,f1woon_pr,false,0,0,1,1,b1_Bedrijfsterrein,1,2.000000000000000,0.018000000000000,0.069000000000000,0.665000000000000,A3+,,A3+,4,f1woon_pr,0.000000000000000,25.000000000000000,0.000000000000000,320825.000000000000000,Rotterdam (Noord),1,0.000000000000000,25.000000000000000,0.000000000000000,320825.000000000000000,f1woon_pr,0,1,20.109999999999999,20.420000000000002,20.420000000000002,2929.289999999999964,9804.409999999999854,2929.960000000000036,0.990000000000000,1.000000000000000,2929.289999999999964,2929.960000000000036,229.500000000000000,9804.409999999999854,15663.659999999999854,59816.099999999998545,28,6,22,98.620000000000005,,,,229.486688974128128,2946.293877525595235,111.000000000000000,0.000000000000000,107.000000000000000,0.000000000000000,0.000000000000000,0.000000000000000,2.000000000000000,0.000000000000000,0.000000000000000,0.000000000000000,1.000000000000000,0.000000000000000,1.000000000000000,0.000000000000000,0.000000000000000,111.000000000000000,16,93801.013437930494547,435740.018560003489256,0.000000000000000
1,17,0599100000702384,1996,Pand in gebruik,2022-02-18,Corsanr.22/3891,9,N,2022-02-18,,2022-02-21T15:50:48.132,,2022-02-21T15:51:17.597,,3,48711,2388,41016,0,0,0,0,1,1,0,0,0,0,1,BU05991017,Kop van Zuid,WK059910,GM0599,Rotterdam,1,NEE,3072,2,4480,1,10292,2755,1425,1335,8,13,51,20,8,67,25,6,1,1810,62,27,11,1.5000000,17,39,3,8,4,4,20,64,27,37,2022BU05991017,2022,buurten.5824a2f9-04cf-461d-868a-9cee9a849948,3072DE,-99997,-99997,-99997,-99997,-99997,-99997,-99997,-99997,-99997,-99997,-99997,-99997,-99997,-99997,-99997,-99997,-99997,-99997,-99997.0000000,-99997,-99997,-99997,-99997,-99997,-99997,-99997,-99997,-99997,-99997,-99997,-99997,-99997,-99997,-99997,-99997,postcode6.87394417-6674-4d40-bd83-d6c81b51502c,0599100000702384,1996,Pand in gebruik,3,2,3072DB,Laan op Zuid,Rotterdam,A+++,A+++,A+++,451.290543564728637,5503.456657515617735,,,,,,,0599100000702384,1996.000000000000000,5503.466035999180349,2388.000000000000000,16237,41016.000000000000000,48711.000000000000000,3072AG,3072,160,n_f11overig;n_f2kantoor;n_f9industrie,0.000000000000000,41016.000000000000000,0.000000000000000,0.000000000000000,0.000000000000000,0.000000000000000,0.000000000000000,0.000000000000000,2388.000000000000000,0.000000000000000,5307.000000000000000,0.000000000000000,0.000000000000000,48711.000000000000000,0,0.000000000000000,0.840000000000000,0.000000000000000,0.000000000000000,0.000000000000000,0.000000000000000,0.000000000000000,0.000000000000000,0.050000000000000,0.000000000000000,0.110000000000000,0.000000000000000,0.000000000000000,1.000000000000000,0.840000000000000,f2kantoor_pr,false,0,0,1,1,b1_Bedrijfsterrein,1,1.000000000000000,0.333000000000000,0.842000000000000,0.660000000000000,A3+,,A3+,4,f2kantoor_pr,59.649999999999999,59.140000000000001,2905611.149999999906868,2880768.540000000037253,Rotterdam (Noord),1,59.649999999999999,59.140000000000001,2905611.149999999906868,2880768.540000000037253,f2kantoor_pr,0,0,18.590000000000000,47.520000000000003,47.520000000000003,5497.109999999999673,28438.209999999999127,5703.279999999999745,1.000000000000000,1.040000000000000,5497.109999999999673,5703.279999999999745,451.290000000000020,28438.209999999999127,39638.599999999998545,261222.670000000012806,62,18,44,85.370000000000005,0.350000000000000,0.070000000000000,1,451.290543969111468,5503.466035997043036,3.000000000000000,0.000000000000000,0.000000000000000,1.000000000000000,0.000000000000000,0.000000000000000,0.000000000000000,0.000000000000000,0.000000000000000,0.000000000000000,1.000000000000000,0.000000000000000,1.000000000000000,0.000000000000000,0.000000000000000,3.000000000000000,17,93544.558308918029070,435805.393794983625412,0.000000000000000
1,18,0599100000702518,2001,Pand in gebruik,2016-07-28,Corsanr.16/506699,5,N,2016-07-28,,2016-07-28T11:36:51.000,,2016-07-28T12:00:44.464,,5,15708,22,15536,0,2,0,0,0,0,0,0,0,3,0,BU05991017,Kop van Zuid,WK059910,GM0599,Rotterdam,1,NEE,3072,2,4480,1,10292,2755,1425,1335,8,13,51,20,8,67,25,6,1,1810,62,27,11,1.5000000,17,39,3,8,4,4,20,64,27,37,2022BU05991017,2022,buurten.5824a2f9-04cf-461d-868a-9cee9a849948,3072MG,-99997,-99997,-99997,-99997,-99997,-99997,-99997,-99997,-99997,-99997,-99997,-99997,-99997,-99997,-99997,-99997,-99997,-99997,-99997.0000000,-99997,-99997,-99997,-99997,-99997,-99997,-99997,-99997,-99997,-99997,-99997,-99997,-99997,-99997,-99997,-99997,postcode6.8b18c1fa-a0ac-4bea-b0be-fde274ca4a87,0599100000702518,2001,Pand in gebruik,5,3,3072AG,Posthumalaan,Rotterdam,A,A,A,312.079143085781482,4574.377638402776029,,,,,,,0599100000702518,2001.000000000000000,4574.377638499099703,22.000000000000000,3142,15536.000000000000000,15708.000000000000000,3072AG,3072,160,n_f3bijeenkomst;n_f5winkel,0.000000000000000,0.000000000000000,15636.000000000000000,0.000000000000000,72.000000000000000,0.000000000000000,0.000000000000000,0.000000000000000,0.000000000000000,0.000000000000000,0.000000000000000,0.000000000000000,0.000000000000000,15708.000000000000000,0,0.000000000000000,0.000000000000000,1.000000000000000,0.000000000000000,0.000000000000000,0.000000000000000,0.000000000000000,0.000000000000000,0.000000000000000,0.000000000000000,0.000000000000000,0.000000000000000,0.000000000000000,1.000000000000000,1.000000000000000,f3bijeenkomst_pr,false,0,0,1,1,b1_Bedrijfsterrein,1,1.000000000000000,0.200000000000000,0.989000000000000,1.020000000000000,A,,A,4,f3bijeenkomst_pr,229.139999999999986,117.640000000000001,3599331.120000000111759,1847889.120000000111759,Rotterdam (Noord),1,229.139999999999986,117.640000000000001,3599331.120000000111759,1847889.120000000111759,f3bijeenkomst_pr,0,0,12.560000000000000,28.410000000000000,28.410000000000000,4554.779999999999745,10604.459999999999127,4562.859999999999673,1.000000000000000,1.000000000000000,4554.779999999999745,4562.859999999999673,312.079999999999984,10604.459999999999127,19722.099999999998545,129401.300000000002910,18,6,12,99.859999999999999,,,,312.079143085781482,4574.377638402776029,5.000000000000000,0.000000000000000,0.000000000000000,0.000000000000000,2.000000000000000,0.000000000000000,3.000000000000000,0.000000000000000,0.000000000000000,0.000000000000000,0.000000000000000,0.000000000000000,0.000000000000000,0.000000000000000,0.000000000000000,5.000000000000000,18,93338.791637703776360,435744.429425265640020,0.000000000000000
1,19,0599100000750533,2005,Pand in gebruik,2015-09-23,Corsanr.15/52676,2,N,2015-09-23,,2015-09-27T01:49:41.000,,2015-09-27T02:00:19.386,,101,15102,67,2158,95,0,0,0,5,0,0,0,0,0,1,BU05991017,Kop van Zuid,WK059910,GM0599,Rotterdam,1,NEE,3072,2,4480,1,10292,2755,1425,1335,8,13,51,20,8,67,25,6,1,1810,62,27,11,1.5000000,17,39,3,8,4,4,20,64,27,37,2022BU05991017,2022,buurten.5824a2f9-04cf-461d-868a-9cee9a849948,3071MP,5,5,-99997,-99997,-99997,-99997,-99997,-99997,-99997,-99997,-99997,-99997,-99997,-99997,-99997,-99997,-99997,-99997,-99997.0000000,-99997,-99997,-99997,-99997,-99997,-99997,-99997,-99997,-99997,-99997,-99997,-99997,-99997,-99997,-99997,-99997,postcode6.2c8d91c7-56eb-4385-b228-e867126192a5,0599100000750533,2005,Pand in gebruik,101,85,3071MN,Ernest Groosmanplein,Rotterdam,A,C,A+,241.422086378461273,3060.239170999778253,0599100000750533,2005,Pand in gebruik,appartement,241.422086378461273,3060.239170999778253,0599100000750533,2005.000000000000000,3060.239170999942417,67.000000000000000,149,2158.000000000000000,15082.000000000000000,3071AA,3071,160,n_f11overig;n_f1woon;n_f9industrie,11570.000000000000000,0.000000000000000,0.000000000000000,0.000000000000000,0.000000000000000,0.000000000000000,0.000000000000000,0.000000000000000,1354.000000000000000,0.000000000000000,2158.000000000000000,0.000000000000000,0.000000000000000,15082.000000000000000,0,0.770000000000000,0.000000000000000,0.000000000000000,0.000000000000000,0.000000000000000,0.000000000000000,0.000000000000000,0.000000000000000,0.090000000000000,0.000000000000000,0.140000000000000,0.000000000000000,0.000000000000000,1.000000000000000,0.770000000000000,f1woon_pr,false,0,0,1,1,b1_Bedrijfsterrein,1,1.000000000000000,0.010000000000000,0.011000000000000,0.960000000000000,A+,,A+,4,f1woon_pr,68.386099999999999,21.613900000000001,1031399.160200000042096,325980.839800000016112,Rotterdam (Noord),1,68.386099999999999,21.613900000000001,1031399.160200000042096,325980.839800000016112,f1woon_pr,0,0,20.109999999999999,14.010000000000000,14.010000000000000,3046.150000000000091,9683.920000000000073,3875.329999999999927,1.000000000000000,1.270000000000000,3046.150000000000091,3875.329999999999927,241.419999999999987,9683.920000000000073,16605.400000000001455,42676.559999999997672,54,26,28,50.710000000000001,,,,241.422086378461273,3060.239170999778253,101.000000000000000,0.000000000000000,95.000000000000000,0.000000000000000,0.000000000000000,0.000000000000000,0.000000000000000,0.000000000000000,0.000000000000000,0.000000000000000,5.000000000000000,0.000000000000000,1.000000000000000,0.000000000000000,0.000000000000000,101.000000000000000,19,93633.313656523823738,435858.702380105853081,0.000000000000000
1,20,0599100000750601,2005,Pand in gebruik,2015-10-09,Corsanr.15/54428,3,N,2015-10-09,,2015-10-10T18:50:29.000,,2015-10-12T08:33:24.037,,215,38710,22,971,192,2,0,0,1,16,0,0,0,0,4,BU05991017,Kop van Zuid,WK059910,GM0599,Rotterdam,1,NEE,3072,2,4480,1,10292,2755,1425,1335,8,13,51,20,8,67,25,6,1,1810,62,27,11,1.5000000,17,39,3,8,4,4,20,64,27,37,2022BU05991017,2022,buurten.5824a2f9-04cf-461d-868a-9cee9a849948,3072MJ,60,35,20,-99997,-99997,20,20,15,60,-99997,-99997,10,30,40,20,15,-99997,-99997,1.5000000,45,-99997,-99997,-99997,-99997,-99997,-99997,45,-99997,45,60,40,-99997,5,612,-99997,postcode6.81a3e1d9-06eb-4d22-8515-a4f1df64ce58,0599100000750601,2005,Pand in gebruik,215,149,3072ME,Antoine Platekade,Rotterdam,A,C,A+,276.759756607570807,2900.899910538666973,0599100000750601,2005,Pand in gebruik,appartement,276.759756607570807,2900.899910538666973,0599100000750601,2005.000000000000000,2900.899910500187616,22.000000000000000,180,971.000000000000000,38710.000000000000000,3072MD,3072,160,n_f11overig;n_f1woon;n_f2kantoor;n_f3bijeenkomst;n_f9industrie,30018.000000000000000,6072.000000000000000,1313.000000000000000,0.000000000000000,0.000000000000000,0.000000000000000,0.000000000000000,0.000000000000000,741.000000000000000,0.000000000000000,566.000000000000000,0.000000000000000,0.000000000000000,38710.000000000000000,0,0.780000000000000,0.160000000000000,0.030000000000000,0.000000000000000,0.000000000000000,0.000000000000000,0.000000000000000,0.000000000000000,0.020000000000000,0.000000000000000,0.010000000000000,0.000000000000000,0.000000000000000,1.000000000000000,0.780000000000000,f1woon_pr,false,0,0,0,2,b2_Bebouwd,2,2.000000000000000,0.009000000000000,0.043000000000000,0.895000000000000,A2+,,A2+,4,f1woon_pr,48.847200000000001,14.152799999999999,1890875.111999999964610,547854.888000000035390,Rotterdam (Noord),1,48.847200000000001,14.152799999999999,1890875.111999999964610,547854.888000000035390,f1woon_pr,0,0,20.109999999999999,37.479999999999997,37.479999999999997,2900.900000000000091,26171.610000000000582,2939.480000000000018,1.000000000000000,1.010000000000000,2900.900000000000091,2939.480000000000018,276.759999999999991,26171.610000000000582,32011.990000000001601,108725.729999999995925,72,19,53,70.099999999999994,,,,276.759756607570807,2900.899910538666973,215.000000000000000,0.000000000000000,192.000000000000000,16.000000000000000,2.000000000000000,0.000000000000000,0.000000000000000,0.000000000000000,0.000000000000000,0.000000000000000,1.000000000000000,0.000000000000000,4.000000000000000,0.000000000000000,0.000000000000000,215.000000000000000,20,92980.094499997794628,435466.516990307718515,0.000000000000000
1,21,0599100000750617,2005,Pand in gebruik,2015-09-23,Corsanr.15/52676,2,N,2015-09-23,,2015-09-27T01:49:49.000,,2015-09-27T02:00:19.399,,106,15831,73,2200,101,0,0,0,4,0,0,0,0,0,1,BU05991017,Kop van Zuid,WK059910,GM0599,Rotterdam,1,NEE,3072,2,4480,1,10292,2755,1425,1335,8,13,51,20,8,67,25,6,1,1810,62,27,11,1.5000000,17,39,3,8,4,4,20,64,27,37,2022BU05991017,2022,buurten.5824a2f9-04cf-461d-868a-9cee9a849948,3071MP,5,5,-99997,-99997,-99997,-99997,-99997,-99997,-99997,-99997,-99997,-99997,-99997,-99997,-99997,-99997,-99997,-99997,-99997.0000000,-99997,-99997,-99997,-99997,-99997,-99997,-99997,-99997,-99997,-99997,-99997,-99997,-99997,-99997,-99997,-99997,postcode6.2c8d91c7-56eb-4385-b228-e867126192a5,0599100000750617,2005,Pand in gebruik,106,95,3071AA,Laan op Zuid,Rotterdam,A,D,A+++,239.639743016431510,3020.706874464238808,0599100000750617,2005,Pand in gebruik,appartement,239.639743016431510,3020.706874464238808,0599100000750617,2005.000000000000000,3020.706874500621780,73.000000000000000,149,2200.000000000000000,15831.000000000000000,3071AA,3071,160,n_f11overig;n_f1woon;n_f9industrie,12800.000000000000000,0.000000000000000,0.000000000000000,0.000000000000000,0.000000000000000,0.000000000000000,0.000000000000000,0.000000000000000,831.000000000000000,0.000000000000000,2200.000000000000000,0.000000000000000,0.000000000000000,15831.000000000000000,0,0.810000000000000,0.000000000000000,0.000000000000000,0.000000000000000,0.000000000000000,0.000000000000000,0.000000000000000,0.000000000000000,0.050000000000000,0.000000000000000,0.140000000000000,0.000000000000000,0.000000000000000,1.000000000000000,0.810000000000000,f1woon_pr,false,0,0,1,1,b1_Bedrijfsterrein,1,,,0.000000000000000,0.000000000000000,,A,A,4,f1woon_pr,107.463899999999995,25.036100000000001,1701261.000900000100955,396346.499100000015460,Rotterdam (Noord),1,107.463899999999995,25.036100000000001,1701261.000900000100955,396346.499100000015460,f1woon_pr,0,0,20.109999999999999,13.390000000000001,13.390000000000001,3009.460000000000036,9813.920000000000073,3808.389999999999873,1.000000000000000,1.270000000000000,3009.460000000000036,3808.389999999999873,239.639999999999986,9813.920000000000073,16631.770000000000437,40296.669999999998254,63,38,25,52.380000000000003,,,,239.639743016431510,3020.706874464238808,106.000000000000000,0.000000000000000,101.000000000000000,0.000000000000000,0.000000000000000,0.000000000000000,0.000000000000000,0.000000000000000,0.000000000000000,0.000000000000000,4.000000000000000,0.000000000000000,1.000000000000000,0.000000000000000,0.000000000000000,106.000000000000000,21,93715.369219649583101,435800.747564818710089,0.000000000000000
1,22,0599100000753300,2010,Pand in gebruik,2015-09-23,Corsanr.15/52676,4,N,2015-09-23,,2015-09-27T01:49:56.000,,2015-09-27T02:00:19.404,,239,34200,42,5469,234,1,0,0,2,0,0,0,1,0,2,BU05991017,Kop van Zuid,WK059910,GM0599,Rotterdam,1,NEE,3072,2,4480,1,10292,2755,1425,1335,8,13,51,20,8,67,25,6,1,1810,62,27,11,1.5000000,17,39,3,8,4,4,20,64,27,37,2022BU05991017,2022,buurten.5824a2f9-04cf-461d-868a-9cee9a849948,3072MK,525,275,245,50,25,245,130,75,50,0,10,10,20,300,135,120,10,35,1.7000000,345,-99997,-99997,-99997,-99997,-99997,-99997,235,110,345,10,90,-99997,50,587,10,postcode6.1c302b7a-aea1-4dcb-93e1-f822504e81b8,0599100000753300,2010,Pand in gebruik,239,204,3072MK,Van der Hoevenplein,Rotterdam,A,C,A,265.587903875363793,2869.403323975230705,0599100000753300,2010,Pand in gebruik,appartement,265.587903875363793,2869.403323975230705,0599100000753300,2010.000000000000000,2869.403323999570148,42.000000000000000,143,5469.000000000000000,34200.000000000000000,3072MD,3072,160,n_f11overig;n_f1woon;n_f3bijeenkomst;n_f6sport;n_f9industrie,24025.000000000000000,0.000000000000000,3473.000000000000000,0.000000000000000,0.000000000000000,755.000000000000000,0.000000000000000,0.000000000000000,478.000000000000000,0.000000000000000,5905.000000000000000,0.000000000000000,0.000000000000000,34636.000000000000000,0,0.690000000000000,0.000000000000000,0.100000000000000,0.000000000000000,0.000000000000000,0.020000000000000,0.000000000000000,0.000000000000000,0.010000000000000,0.000000000000000,0.170000000000000,0.000000000000000,0.000000000000000,0.990000000000000,0.690000000000000,f1woon_pr,false,0,0,1,1,b1_Bedrijfsterrein,1,3.000000000000000,0.013000000000000,0.136000000000000,1.101000000000000,B,,B,4,f1woon_pr,117.233300000000000,57.766700000000000,4009378.859999999869615,1975621.139999999897555,Rotterdam (Noord),1,117.233300000000000,57.766700000000000,4009378.859999999869615,1975621.139999999897555,f1woon_pr,0,1,20.109999999999999,18.789999999999999,18.789999999999999,2832.809999999999945,23911.630000000001019,2897.710000000000036,0.990000000000000,1.020000000000000,2832.809999999999945,2897.710000000000036,265.589999999999975,23911.630000000001019,29642.150000000001455,53228.500000000000000,59,9,50,87.439999999999998,,,,265.587903875363793,2869.403323975230705,239.000000000000000,0.000000000000000,234.000000000000000,0.000000000000000,1.000000000000000,0.000000000000000,0.000000000000000,1.000000000000000,0.000000000000000,0.000000000000000,2.000000000000000,0.000000000000000,2.000000000000000,0.000000000000000,0.000000000000000,240.000000000000000,22,93085.529149137437344,435542.409182440489531,0.000000000000000
1,23,0599100000754173,2011,Pand in gebruik,2016-02-08,Corsanr.16/3918,10,N,2016-02-08,,2016-02-08T18:36:58.000,,2016-02-08T19:00:19.454,,36,67814,185,33763,0,1,0,0,0,34,0,0,0,0,1,BU05991017,Kop van Zuid,WK059910,GM0599,Rotterdam,1,NEE,3072,2,4480,1,10292,2755,1425,1335,8,13,51,20,8,67,25,6,1,1810,62,27,11,1.5000000,17,39,3,8,4,4,20,64,27,37,2022BU05991017,2022,buurten.5824a2f9-04cf-461d-868a-9cee9a849948,3072AP,280,155,120,10,20,135,80,30,50,0,10,10,20,180,105,65,-99997,15,1.5000000,240,-99997,-99997,-99997,-99997,-99997,-99997,240,-99997,240,40,60,-99997,65,682,-99997,postcode6.5c25a8af-0587-4798-89f3-33b2f70386dd,0599100000754173,2011,Pand in gebruik,36,10,3072AP,Wilhelminakade,Rotterdam,A,A,A++,241.289349301880293,3087.482721576962831,,,,,,,0599100000754173,2011.000000000000000,3087.482721499152376,185.000000000000000,1884,33763.000000000000000,67814.000000000000000,3071JV,3071,160,n_f11overig;n_f2kantoor;n_f3bijeenkomst,0.000000000000000,31760.000000000000000,2291.000000000000000,0.000000000000000,0.000000000000000,0.000000000000000,0.000000000000000,0.000000000000000,0.000000000000000,0.000000000000000,33763.000000000000000,0.000000000000000,0.000000000000000,67814.000000000000000,0,0.000000000000000,0.470000000000000,0.030000000000000,0.000000000000000,0.000000000000000,0.000000000000000,0.000000000000000,0.000000000000000,0.000000000000000,0.000000000000000,0.500000000000000,0.000000000000000,0.000000000000000,1.000000000000000,0.500000000000000,f11overig_pr,false,0,0,1,1,b1_Bedrijfsterrein,1,9.000000000000000,0.250000000000000,0.108000000000000,0.875000000000000,A2+,,A2+,4,f11overig_pr,32.964199999999998,49.378900000000002,2235434.258799999952316,3348580.724599999841303,Rotterdam (Noord),1,32.964199999999998,49.378900000000002,2235434.258799999952316,3348580.724599999841303,f11overig_pr,0,0,12.740000000000000,107.260000000000005,107.260000000000005,2799.599999999999909,38721.620000000002619,2827.639999999999873,0.910000000000000,1.010000000000000,3087.480000000000018,2827.639999999999873,241.289999999999992,38721.620000000002619,44636.739999999997963,331163.099999999976717,37,19,18,77.890000000000001,,,,241.289349301880293,3087.482721576962831,36.000000000000000,0.000000000000000,0.000000000000000,34.000000000000000,1.000000000000000,0.000000000000000,0.000000000000000,0.000000000000000,0.000000000000000,0.000000000000000,0.000000000000000,0.000000000000000,1.000000000000000,0.000000000000000,0.000000000000000,36.000000000000000,23,93497.056337453424931,435965.640917290002108,0.000000000000000
1,24,0599100000754536,2010,Pand in gebruik,2015-10-09,Corsanr.15/54428,4,N,2015-10-09,,2015-10-11T00:29:28.000,,2015-10-12T08:34:46.526,,2,12751,3248,9503,0,0,0,0,0,1,0,0,0,0,1,BU05991017,Kop van Zuid,WK059910,GM0599,Rotterdam,1,NEE,3072,2,4480,1,10292,2755,1425,1335,8,13,51,20,8,67,25,6,1,1810,62,27,11,1.5000000,17,39,3,8,4,4,20,64,27,37,2022BU05991017,2022,buurten.5824a2f9-04cf-461d-868a-9cee9a849948,3071MN,50,20,30,5,-99997,25,15,-99997,50,-99997,10,-99997,20,35,20,5,-99997,-99997,1.5000000,30,-99997,-99997,-99997,-99997,-99997,-99997,30,-99997,30,70,30,5,-99997,425,-99997,postcode6.f91e863e-6ce9-4592-a62e-35c5778891a4,0599100000754536,2010,Pand in gebruik,2,2,3071AA,Laan op Zuid,Rotterdam,A,A,A,219.831298929386890,1588.598495527366367,,,,,,,0599100000754536,2010.000000000000000,1588.598495499108822,3248.000000000000000,6376,9503.000000000000000,12751.000000000000000,3071AA,3071,160,n_f11overig;n_f2kantoor,0.000000000000000,9503.000000000000000,0.000000000000000,0.000000000000000,0.000000000000000,0.000000000000000,0.000000000000000,0.000000000000000,0.000000000000000,0.000000000000000,3248.000000000000000,0.000000000000000,0.000000000000000,12751.000000000000000,0,0.000000000000000,0.750000000000000,0.000000000000000,0.000000000000000,0.000000000000000,0.000000000000000,0.000000000000000,0.000000000000000,0.000000000000000,0.000000000000000,0.250000000000000,0.000000000000000,0.000000000000000,1.000000000000000,0.750000000000000,f2kantoor_pr,false,0,0,1,1,b1_Bedrijfsterrein,1,2.000000000000000,1.000000000000000,1.000000000000000,1.000000000000000,A+,,A+,4,f2kantoor_pr,71.189999999999998,59.090000000000003,907743.689999999944121,753456.589999999967404,Rotterdam (Noord),1,71.189999999999998,59.090000000000003,907743.689999999944121,753456.589999999967404,f2kantoor_pr,0,0,18.590000000000000,33.430000000000000,33.430000000000000,1559.529999999999973,6402.090000000000146,1559.769999999999982,0.980000000000000,1.000000000000000,1559.529999999999973,1559.769999999999982,219.830000000000013,6402.090000000000146,9521.389999999999418,52135.089999999996508,9,2,7,58.560000000000002,,,,219.831298929386890,1588.598495527366367,2.000000000000000,0.000000000000000,0.000000000000000,1.000000000000000,0.000000000000000,0.000000000000000,0.000000000000000,0.000000000000000,0.000000000000000,0.000000000000000,0.000000000000000,0.000000000000000,1.000000000000000,0.000000000000000,0.000000000000000,2.000000000000000,24,93562.328500002622604,435896.239362999796867,0.000000000000000
0,25,0599100000762173,1964,Pand in gebruik,2015-09-23,Corsanr.15/52676,2,N,2015-09-23,,2015-09-27T04:58:54.000,,2015-09-27T05:00:12.380,,1,358,358,358,0,0,0,0,1,0,0,0,0,0,0,BU05991017,Kop van Zuid,WK059910,GM0599,Rotterdam,1,NEE,3072,2,4480,1,10292,2755,1425,1335,8,13,51,20,8,67,25,6,1,1810,62,27,11,1.5000000,17,39,3,8,4,4,20,64,27,37,2022BU05991017,2022,buurten.5824a2f9-04cf-461d-868a-9cee9a849948,3072AH,-99997,-99997,-99997,-99997,-99997,-99997,-99997,-99997,-99997,-99997,-99997,-99997,-99997,-99997,-99997,-99997,-99997,-99997,-99997.0000000,-99997,-99997,-99997,-99997,-99997,-99997,-99997,-99997,-99997,-99997,-99997,-99997,-99997,-99997,-99997,-99997,postcode6.c146f6ac-cacd-4116-b99d-ba884a57643b,,,,,,,,,,,,,,,,,,,,0599100000762173,1964.000000000000000,21.501529999982100,358.000000000000000,358,358.000000000000000,358.000000000000000,3072AH,3072,160,n_f9industrie,0.000000000000000,0.000000000000000,0.000000000000000,0.000000000000000,0.000000000000000,0.000000000000000,0.000000000000000,0.000000000000000,358.000000000000000,0.000000000000000,0.000000000000000,0.000000000000000,0.000000000000000,358.000000000000000,0,0.000000000000000,0.000000000000000,0.000000000000000,0.000000000000000,0.000000000000000,0.000000000000000,0.000000000000000,0.000000000000000,1.000000000000000,0.000000000000000,0.000000000000000,0.000000000000000,0.000000000000000,1.000000000000000,1.000000000000000,f9industrie_pr,false,0,0,0,2,b2_Bebouwd,2,,,0.000000000000000,0.000000000000000,,G,G,1,f9industrie_pr,195.939999999999998,55.250000000000000,70146.520000000004075,19779.500000000000000,Rotterdam (Noord),1,195.939999999999998,55.250000000000000,70146.520000000004075,19779.500000000000000,f9industrie_pr,0,1,5.550000000000000,6.620000000000000,6.620000000000000,21.500000000000000,124.439999999999998,21.500000000000000,1.000000000000000,1.000000000000000,21.500000000000000,21.500000000000000,18.730000000000000,124.439999999999998,167.439999999999998,142.330000000000013,1,0,1,100.000000000000000,,,,18.727470373833576,21.501530009937735,1.000000000000000,0.000000000000000,0.000000000000000,0.000000000000000,0.000000000000000,0.000000000000000,0.000000000000000,0.000000000000000,0.000000000000000,0.000000000000000,1.000000000000000,0.000000000000000,0.000000000000000,0.000000000000000,0.000000000000000,1.000000000000000,25,93704.334829535335302,435661.002028040587902,0.000000000000000
2,26,0599100000766718,2010,Pand in gebruik,2016-02-08,Corsanr.16/3918,7,N,2016-02-08,,2016-02-08T18:59:01.000,,2016-02-08T19:00:50.133,,527,27265,20,3950,496,1,0,0,0,26,0,0,0,3,1,BU05991017,Kop van Zuid,WK059910,GM0599,Rotterdam,1,NEE,3072,2,4480,1,10292,2755,1425,1335,8,13,51,20,8,67,25,6,1,1810,62,27,11,1.5000000,17,39,3,8,4,4,20,64,27,37,2022BU05991017,2022,buurten.5824a2f9-04cf-461d-868a-9cee9a849948,3072DG,120,45,70,10,10,95,-99997,-99997,30,-99997,30,-99997,40,80,45,25,-99997,-99997,1.5000000,75,-99997,-99997,-99997,-99997,-99997,-99997,75,-99997,75,-99997,100,75,-99997,235,5,postcode6.16e23071-2e5a-4977-8cd7-065becd51460,0599100000766718,2010,Pand in gebruik,527,512,3072DG,Ichthushof,Rotterdam,A,B,A+++,276.199416787165603,2906.674026959280127,0599100000766718,2010,Pand in gebruik,appartement,276.199416787165603,2906.674026959280127,0599100000766718,2010.000000000000000,2906.674026999424768,20.000000000000000,52,3950.000000000000000,27265.000000000000000,3072DB,3072,160,n_f11overig;n_f1woon;n_f2kantoor;n_f3bijeenkomst;n_f5winkel,20632.000000000000000,1298.000000000000000,461.000000000000000,0.000000000000000,924.000000000000000,0.000000000000000,0.000000000000000,0.000000000000000,0.000000000000000,0.000000000000000,3950.000000000000000,0.000000000000000,0.000000000000000,27265.000000000000000,0,0.760000000000000,0.050000000000000,0.020000000000000,0.000000000000000,0.030000000000000,0.000000000000000,0.000000000000000,0.000000000000000,0.000000000000000,0.000000000000000,0.140000000000000,0.000000000000000,0.000000000000000,1.000000000000000,0.760000000000000,f1woon_pr,false,0,0,1,1,b1_Bedrijfsterrein,1,16.000000000000000,0.030000000000000,0.049000000000000,0.647000000000000,A3+,,A3+,4,f1woon_pr,0.000000000000000,25.000000000000000,0.000000000000000,681625.000000000000000,Rotterdam (Noord),1,0.000000000000000,25.000000000000000,0.000000000000000,681625.000000000000000,f1woon_pr,0,0,20.109999999999999,49.250000000000000,49.250000000000000,2883.989999999999782,21900.349999999998545,2908.460000000000036,0.990000000000000,1.010000000000000,2883.989999999999782,2908.460000000000036,276.199999999999989,21900.349999999998545,27692.799999999999272,142036.510000000009313,54,14,40,83.939999999999998,0.000000000000000,0.000000000000000,1,276.199416787165603,2906.674026959280127,527.000000000000000,0.000000000000000,496.000000000000000,26.000000000000000,1.000000000000000,0.000000000000000,3.000000000000000,0.000000000000000,0.000000000000000,0.000000000000000,0.000000000000000,0.000000000000000,1.000000000000000,0.000000000000000,0.000000000000000,527.000000000000000,26,93670.498869061470032,435722.020951643586159,0.000000000000000
1,27,0599100000766748,1996,Pand in gebruik,2022-02-18,Corsanr.22/3891,7,N,2022-02-18,,2022-02-21T16:24:29.993,,2022-02-21T16:24:37.221,,1,10267,10267,10267,0,0,0,0,0,0,0,0,0,0,1,BU05991017,Kop van Zuid,WK059910,GM0599,Rotterdam,1,NEE,3072,2,4480,1,10292,2755,1425,1335,8,13,51,20,8,67,25,6,1,1810,62,27,11,1.5000000,17,39,3,8,4,4,20,64,27,37,2022BU05991017,2022,buurten.5824a2f9-04cf-461d-868a-9cee9a849948,3072DC,-99997,-99997,-99997,-99997,-99997,-99997,-99997,-99997,-99997,-99997,-99997,-99997,-99997,-99997,-99997,-99997,-99997,-99997,-99997.0000000,-99997,-99997,-99997,-99997,-99997,-99997,-99997,-99997,-99997,-99997,-99997,-99997,-99997,-99997,-99997,-99997,postcode6.00482a2c-0e27-4605-a9ef-cb3c878a4d2a,0599100000702384,1996,Pand in gebruik,3,2,3072DB,Laan op Zuid,Rotterdam,A+++,A+++,A+++,451.290543564728637,5503.456657515617735,,,,,,,0599100000766748,1996.000000000000000,1524.738963000087551,10267.000000000000000,10267,10267.000000000000000,10267.000000000000000,3072AG,3072,160,n_f11overig,0.000000000000000,0.000000000000000,0.000000000000000,0.000000000000000,0.000000000000000,0.000000000000000,0.000000000000000,0.000000000000000,0.000000000000000,0.000000000000000,10267.000000000000000,0.000000000000000,0.000000000000000,10267.000000000000000,0,0.000000000000000,0.000000000000000,0.000000000000000,0.000000000000000,0.000000000000000,0.000000000000000,0.000000000000000,0.000000000000000,0.000000000000000,0.000000000000000,1.000000000000000,0.000000000000000,0.000000000000000,1.000000000000000,1.000000000000000,f11overig_pr,false,0,0,1,1,b1_Bedrijfsterrein,1,,,0.000000000000000,0.000000000000000,,C,C,4,f11overig_pr,46.011499999999998,56.302900000000001,472400.070499999972526,578061.874300000024959,Rotterdam (Noord),1,46.011499999999998,56.302900000000001,472400.070499999972526,578061.874300000024959,f11overig_pr,0,0,12.740000000000000,13.960000000000001,13.960000000000001,1516.900000000000091,3003.590000000000146,1519.430000000000064,0.990000000000000,1.000000000000000,1516.900000000000091,1519.430000000000064,201.960000000000008,3003.590000000000146,6039.920000000000073,21175.919999999998254,28,12,16,96.489999999999995,0.230000000000000,0.230000000000000,1,201.959322866621307,1524.738963085231717,1.000000000000000,0.000000000000000,0.000000000000000,0.000000000000000,0.000000000000000,0.000000000000000,0.000000000000000,0.000000000000000,0.000000000000000,0.000000000000000,0.000000000000000,0.000000000000000,1.000000000000000,0.000000000000000,0.000000000000000,1.000000000000000,27,93573.486182902008295,435737.847556643188000,0.000000000000000
0,28,0599100010031367,1897,Pand in gebruik,2015-10-09,Corsanr.15/54428,2,N,2015-10-09,,2015-10-10T18:56:31.000,,2015-10-12T08:33:26.418,,2,14472,1777,12695,0,2,0,0,0,0,0,0,0,0,0,BU05991017,Kop van Zuid,WK059910,GM0599,Rotterdam,1,NEE,3072,2,4480,1,10292,2755,1425,1335,8,13,51,20,8,67,25,6,1,1810,62,27,11,1.5000000,17,39,3,8,4,4,20,64,27,37,2022BU05991017,2022,buurten.5824a2f9-04cf-461d-868a-9cee9a849948,3072AR,55,30,25,10,5,20,20,-99997,30,-99997,20,-99997,30,20,-99997,-99997,-99997,10,2.5999999,25,5,-99997,-99997,-99997,-99997,20,-99997,-99997,25,70,30,5,5,319,-99997,postcode6.c8e18346-c8d3-4ba7-a165-cd7a698f121a,,,,,,,,,,,,,,,,,,,,0599100010031367,1897.000000000000000,1873.170914500341041,1777.000000000000000,4063,6348.000000000000000,8125.000000000000000,3072AR,3072,160,n_f3bijeenkomst,0.000000000000000,0.000000000000000,8125.000000000000000,0.000000000000000,0.000000000000000,0.000000000000000,0.000000000000000,0.000000000000000,0.000000000000000,0.000000000000000,0.000000000000000,0.000000000000000,0.000000000000000,8125.000000000000000,0,0.000000000000000,0.000000000000000,1.000000000000000,0.000000000000000,0.000000000000000,0.000000000000000,0.000000000000000,0.000000000000000,0.000000000000000,0.000000000000000,0.000000000000000,0.000000000000000,0.000000000000000,1.000000000000000,1.000000000000000,f3bijeenkomst_pr,false,0,0,1,1,b1_Bedrijfsterrein,1,,,0.000000000000000,0.000000000000000,,G,G,4,f3bijeenkomst_pr,304.769999999999982,92.010000000000005,2476256.250000000000000,747581.250000000000000,Rotterdam (Noord),1,304.769999999999982,92.010000000000005,2476256.250000000000000,747581.250000000000000,f3bijeenkomst_pr,0,1,12.560000000000000,20.520000000000000,20.520000000000000,1873.180000000000064,4872.869999999999891,1888.309999999999945,1.000000000000000,1.010000000000000,1873.180000000000064,1888.309999999999945,170.020000000000010,4872.869999999999891,8634.360000000000582,38437.650000000001455,52,20,32,88.040000000000006,0.280000000000000,0.270000000000000,1,170.017645496416833,1873.170914555804757,2.000000000000000,1.000000000000000,0.000000000000000,0.000000000000000,2.000000000000000,0.000000000000000,0.000000000000000,0.000000000000000,0.000000000000000,0.000000000000000,0.000000000000000,0.000000000000000,0.000000000000000,0.000000000000000,0.000000000000000,2.000000000000000,28,93130.649025648832321,435647.824364818632603,0.000000000000000
0,29,0599100010063229,1897,Pand in gebruik,2015-09-23,Corsanr.15/52676,2,N,2015-09-23,,2015-09-27T07:54:14.000,,2015-09-27T08:00:12.085,,2,16290,3595,12695,0,1,0,0,0,0,0,1,0,0,0,BU05991017,Kop van Zuid,WK059910,GM0599,Rotterdam,1,NEE,3072,2,4480,1,10292,2755,1425,1335,8,13,51,20,8,67,25,6,1,1810,62,27,11,1.5000000,17,39,3,8,4,4,20,64,27,37,2022BU05991017,2022,buurten.5824a2f9-04cf-461d-868a-9cee9a849948,3072MB,-99997,-99997,-99997,-99997,-99997,-99997,-99997,-99997,-99997,-99997,-99997,-99997,-99997,-99997,-99997,-99997,-99997,-99997,-99997.0000000,-99997,-99997,-99997,-99997,-99997,-99997,-99997,-99997,-99997,-99997,-99997,-99997,-99997,-99997,-99997,-99997,postcode6.08d5b580-c86d-42d5-89f8-6ade75365fa4,,,,,,,,,,,,,,,,,,,,0599100010063229,1897.000000000000000,2078.706084500350244,3595.000000000000000,4972,6348.000000000000000,9943.000000000000000,3072AR,3072,160,n_f3bijeenkomst;n_f4onderwijs,0.000000000000000,0.000000000000000,6348.000000000000000,3595.000000000000000,0.000000000000000,0.000000000000000,0.000000000000000,0.000000000000000,0.000000000000000,0.000000000000000,0.000000000000000,0.000000000000000,0.000000000000000,9943.000000000000000,0,0.000000000000000,0.000000000000000,0.640000000000000,0.360000000000000,0.000000000000000,0.000000000000000,0.000000000000000,0.000000000000000,0.000000000000000,0.000000000000000,0.000000000000000,0.000000000000000,0.000000000000000,1.000000000000000,0.640000000000000,f3bijeenkomst_pr,false,0,0,1,1,b1_Bedrijfsterrein,1,,,0.000000000000000,0.000000000000000,,G,G,4,f3bijeenkomst_pr,304.769999999999982,92.010000000000005,3030328.109999999869615,914855.430000000051223,Rotterdam (Noord),1,304.769999999999982,92.010000000000005,3030328.109999999869615,914855.430000000051223,f3bijeenkomst_pr,0,1,12.560000000000000,20.379999999999999,20.379999999999999,2078.710000000000036,4526.340000000000146,2116.750000000000000,1.000000000000000,1.020000000000000,2078.710000000000036,2116.750000000000000,178.849999999999994,4526.340000000000146,8721.799999999999272,42364.110000000000582,47,23,24,77.569999999999993,0.260000000000000,0.260000000000000,1,178.854856611647278,2078.706084628460758,2.000000000000000,1.000000000000000,0.000000000000000,0.000000000000000,1.000000000000000,1.000000000000000,0.000000000000000,0.000000000000000,0.000000000000000,0.000000000000000,0.000000000000000,0.000000000000000,0.000000000000000,0.000000000000000,0.000000000000000,2.000000000000000,29,93163.736282140016556,435673.610818311572075,0.000000000000000
1,30,0599100100002429,2013,Pand in gebruik,2016-04-05,Corsanr.16/10086,8,N,2016-04-05,,2016-04-05T16:10:28.000,,2016-04-05T16:30:10.074,,279,137311,6,40768,238,4,0,0,9,27,0,0,0,0,1,BU05991017,Kop van Zuid,WK059910,GM0599,Rotterdam,1,NEE,3072,2,4480,1,10292,2755,1425,1335,8,13,51,20,8,67,25,6,1,1810,62,27,11,1.5000000,17,39,3,8,4,4,20,64,27,37,2022BU05991017,2022,buurten.5824a2f9-04cf-461d-868a-9cee9a849948,3072MC,-99997,-99997,-99997,-99997,-99997,-99997,-99997,-99997,-99997,-99997,-99997,-99997,-99997,-99997,-99997,-99997,-99997,-99997,-99997.0000000,-99997,-99997,-99997,-99997,-99997,-99997,-99997,-99997,-99997,-99997,-99997,-99997,-99997,-99997,-99997,-99997,postcode6.229213a9-9317-4cc0-b139-e997da0d7cd6,0599100100002429,2013,Pand in gebruik,279,263,3072MC,Holland Amerikakade,Rotterdam,A,C,A++,313.480442055139974,5311.726344079996124,0599100100002429,2013,Pand in gebruik,appartement,313.480442055139974,5311.726344079996124,0599100100002429,2013.000000000000000,5311.726343999593155,6.000000000000000,492,40768.000000000000000,137311.000000000000000,3072AP,3072,160,n_f11overig;n_f1woon;n_f2kantoor;n_f3bijeenkomst;n_f9industrie,25212.000000000000000,60398.000000000000000,18266.000000000000000,0.000000000000000,0.000000000000000,0.000000000000000,0.000000000000000,0.000000000000000,15385.000000000000000,0.000000000000000,18050.000000000000000,0.000000000000000,0.000000000000000,137311.000000000000000,0,0.180000000000000,0.440000000000000,0.130000000000000,0.000000000000000,0.000000000000000,0.000000000000000,0.000000000000000,0.000000000000000,0.110000000000000,0.000000000000000,0.130000000000000,0.000000000000000,0.000000000000000,0.990000000000000,0.440000000000000,f2kantoor_pr,false,0,0,1,1,b1_Bedrijfsterrein,1,6.000000000000000,0.022000000000000,0.462000000000000,0.842000000000000,A2+,,A2+,4,f2kantoor_pr,69.390000000000001,59.170000000000002,9528010.289999999105930,8124691.870000000111759,Rotterdam (Noord),1,69.390000000000001,59.170000000000002,9528010.289999999105930,8124691.870000000111759,f2kantoor_pr,0,1,18.590000000000000,145.120000000000005,145.120000000000005,5311.659999999999854,60654.970000000001164,5545.199999999999818,1.000000000000000,1.040000000000000,5311.659999999999854,5545.199999999999818,313.480000000000018,60654.970000000001164,71511.830000000001746,770828.099999999976717,67,20,47,79.840000000000003,,,,313.480442055139974,5311.726344079996124,279.000000000000000,0.000000000000000,238.000000000000000,27.000000000000000,4.000000000000000,0.000000000000000,0.000000000000000,0.000000000000000,0.000000000000000,0.000000000000000,9.000000000000000,0.000000000000000,1.000000000000000,0.000000000000000,0.000000000000000,279.000000000000000,30,93136.034981880337000,435733.863665416836739,0.000000000000000
0,31,0599100100005093,2011,Bouwvergunning verleend,2011-10-20,VGOMV/11/07/00261,1,N,2011-10-20,,2012-02-01T14:38:14.000,,2012-02-01T15:06:06.057,,1,9500,9500,9500,0,0,0,0,0,0,0,0,0,0,1,BU05991017,Kop van Zuid,WK059910,GM0599,Rotterdam,1,NEE,3072,2,4480,1,10292,2755,1425,1335,8,13,51,20,8,67,25,6,1,1810,62,27,11,1.5000000,17,39,3,8,4,4,20,64,27,37,2022BU05991017,2022,buurten.5824a2f9-04cf-461d-868a-9cee9a849948,3072MC,-99997,-99997,-99997,-99997,-99997,-99997,-99997,-99997,-99997,-99997,-99997,-99997,-99997,-99997,-99997,-99997,-99997,-99997,-99997.0000000,-99997,-99997,-99997,-99997,-99997,-99997,-99997,-99997,-99997,-99997,-99997,-99997,-99997,-99997,-99997,-99997,postcode6.229213a9-9317-4cc0-b139-e997da0d7cd6,,,,,,,,,,,,,,,,,,,,,,,,,,,,,,,,,,,,,,,,,,,,,,,,,,,,,,,,,,,,,,,,,,,,,,,,,,,,,,,,,,,,,,,,,,,,,,,,,,,,,,,,,,,,,,,,,,,,,,,,,,,,,,,,,,31,92945.585668615996838,435578.225010614842176,0.000000000000000
1,32,0599100100007169,1996,Pand in gebruik,2016-02-08,Corsanr.16/3918,4,N,2016-02-08,,2016-02-08T18:26:37.000,,2016-02-08T18:30:25.303,,2,25137,5163,19974,0,0,0,0,0,1,0,0,0,0,1,BU05991017,Kop van Zuid,WK059910,GM0599,Rotterdam,1,NEE,3072,2,4480,1,10292,2755,1425,1335,8,13,51,20,8,67,25,6,1,1810,62,27,11,1.5000000,17,39,3,8,4,4,20,64,27,37,2022BU05991017,2022,buurten.5824a2f9-04cf-461d-868a-9cee9a849948,3072DE,-99997,-99997,-99997,-99997,-99997,-99997,-99997,-99997,-99997,-99997,-99997,-99997,-99997,-99997,-99997,-99997,-99997,-99997,-99997.0000000,-99997,-99997,-99997,-99997,-99997,-99997,-99997,-99997,-99997,-99997,-99997,-99997,-99997,-99997,-99997,-99997,postcode6.87394417-6674-4d40-bd83-d6c81b51502c,0599100100007169,1996,Pand in gebruik,2,3,3072AG,Posthumalaan,Rotterdam,A,A,A,270.112699031677607,4245.373361524962093,,,,,,,0599100100007169,1996.000000000000000,4245.373361500405736,5163.000000000000000,12569,19974.000000000000000,25137.000000000000000,3072AG,3072,160,n_f11overig;n_f2kantoor,0.000000000000000,19974.000000000000000,0.000000000000000,0.000000000000000,0.000000000000000,0.000000000000000,0.000000000000000,0.000000000000000,0.000000000000000,0.000000000000000,5163.000000000000000,0.000000000000000,0.000000000000000,25137.000000000000000,0,0.000000000000000,0.790000000000000,0.000000000000000,0.000000000000000,0.000000000000000,0.000000000000000,0.000000000000000,0.000000000000000,0.000000000000000,0.000000000000000,0.210000000000000,0.000000000000000,0.000000000000000,1.000000000000000,0.790000000000000,f2kantoor_pr,false,0,0,0,2,b2_Bebouwd,2,1.000000000000000,0.500000000000000,0.795000000000000,0.960000000000000,A+,,A+,4,f2kantoor_pr,71.189999999999998,59.090000000000003,1789503.030000000027940,1485345.330000000074506,Rotterdam (Noord),1,71.189999999999998,59.090000000000003,1789503.030000000027940,1485345.330000000074506,f2kantoor_pr,0,1,18.590000000000000,40.340000000000003,40.340000000000003,,,,,,4245.369999999999891,4245.369999999999891,270.110000000000014,10896.239999999999782,19386.979999999999563,171258.230000000010477,22,3,19,99.230000000000004,0.420000000000000,0.090000000000000,1,270.112699031677607,4245.373361524962093,2.000000000000000,0.000000000000000,0.000000000000000,1.000000000000000,0.000000000000000,0.000000000000000,0.000000000000000,0.000000000000000,0.000000000000000,0.000000000000000,0.000000000000000,0.000000000000000,1.000000000000000,0.000000000000000,0.000000000000000,2.000000000000000,32,93475.392502184957266,435775.899695258587599,0.000000000000000
1,33,0599100100010084,2017,Pand in gebruik,2018-04-11,Corsanr.18/7986,4,N,2018-04-11,,2018-04-11T10:43:03.000,,2018-04-11T11:00:34.179,,229,37035,82,8560,220,5,0,1,1,0,0,0,0,0,2,BU05991017,Kop van Zuid,WK059910,GM0599,Rotterdam,1,NEE,3072,2,4480,1,10292,2755,1425,1335,8,13,51,20,8,67,25,6,1,1810,62,27,11,1.5000000,17,39,3,8,4,4,20,64,27,37,2022BU05991017,2022,buurten.5824a2f9-04cf-461d-868a-9cee9a849948,3072MM,195,100,95,15,10,95,60,10,50,10,10,10,20,105,35,45,5,15,1.9000000,110,-99997,-99997,-99997,-99997,-99997,-99997,-99997,110,110,50,50,-99997,10,563,-99997,postcode6.8a168604-ed12-4fd5-92ed-72249e43d70d,0599100100010084,2017,Pand in gebruik,229,226,3072MM,De Monchyplein,Rotterdam,A,B,A,279.158297717792664,3460.227322260150686,0599100100010084,2017,Pand in gebruik,appartement,279.158297717792664,3460.227322260150686,0599100100010084,2017.000000000000000,3460.227322501108119,82.000000000000000,162,8560.000000000000000,37035.000000000000000,3072MD,3072,160,n_f11overig;n_f1woon;n_f3bijeenkomst;n_f8gezondheidszorg;n_f9industrie,19666.000000000000000,0.000000000000000,1126.000000000000000,0.000000000000000,0.000000000000000,0.000000000000000,0.000000000000000,234.000000000000000,130.000000000000000,0.000000000000000,15879.000000000000000,0.000000000000000,0.000000000000000,37035.000000000000000,0,0.530000000000000,0.000000000000000,0.030000000000000,0.000000000000000,0.000000000000000,0.000000000000000,0.000000000000000,0.010000000000000,0.000000000000000,0.000000000000000,0.430000000000000,0.000000000000000,0.000000000000000,1.000000000000000,0.530000000000000,f1woon_pr,false,0,0,1,1,b1_Bedrijfsterrein,1,5.000000000000000,0.022000000000000,0.033000000000000,0.664000000000000,A3+,,A3+,4,f1woon_pr,0.000000000000000,25.000000000000000,0.000000000000000,925875.000000000000000,Rotterdam (Noord),1,0.000000000000000,25.000000000000000,0.000000000000000,925875.000000000000000,f1woon_pr,0,0,20.109999999999999,49.030000000000001,49.030000000000001,,,,,,3460.230000000000018,3460.230000000000018,279.160000000000025,13687.209999999999127,20607.669999999998254,169655.079999999987194,45,19,26,93.890000000000001,,,,279.158297717792664,3460.227322260150686,229.000000000000000,0.000000000000000,220.000000000000000,0.000000000000000,5.000000000000000,0.000000000000000,0.000000000000000,0.000000000000000,0.000000000000000,1.000000000000000,1.000000000000000,0.000000000000000,2.000000000000000,0.000000000000000,0.000000000000000,229.000000000000000,33,93188.170162554830313,435615.569878261536360,0.000000000000000
0,34,0599100110022000,2023,Bouwvergunning verleend,2023-06-26,VGOMV.22.12.00206,1,N,2023-06-26,,2023-06-28T21:52:50.309,,2023-06-28T22:37:49.678,,36,20284,9,9084,29,2,0,0,0,0,0,0,0,1,4,BU05991017,Kop van Zuid,WK059910,GM0599,Rotterdam,1,NEE,3072,2,4480,1,10292,2755,1425,1335,8,13,51,20,8,67,25,6,1,1810,62,27,11,1.5000000,17,39,3,8,4,4,20,64,27,37,2022BU05991017,2022,buurten.5824a2f9-04cf-461d-868a-9cee9a849948,3072AP,280,155,120,10,20,135,80,30,50,0,10,10,20,180,105,65,-99997,15,1.5000000,240,-99997,-99997,-99997,-99997,-99997,-99997,240,-99997,240,40,60,-99997,65,682,-99997,postcode6.5c25a8af-0587-4798-89f3-33b2f70386dd,,,,,,,,,,,,,,0599100110022000,2023,Bouwvergunning verleend,appartement,220.920298524058097,2691.371889835048933,,,,,,,,,,,,,,,,,,,,,,,,,,,,,,,,,,,,,,,,,,,,,,,,,,,,,,,,,,,,,,,,,,,,,,,,,,,,,,,,,,,,,,,,,,,,,,,,,,,,,,,,,,,,,,,34,92963.951882291585207,435518.899483162909746,0.000000000000000
1,35,0599100110024506,2024,Bouwvergunning verleend,2024-02-09,VGOMV.23.10.00250,1,N,2024-02-09,,2024-02-13T07:52:04.930,,2024-02-13T09:05:42.615,,927,80132,6,12104,916,4,0,0,0,0,0,0,1,0,6,BU05991017,Kop van Zuid,WK059910,GM0599,Rotterdam,1,NEE,3072,2,4480,1,10292,2755,1425,1335,8,13,51,20,8,67,25,6,1,1810,62,27,11,1.5000000,17,39,3,8,4,4,20,64,27,37,2022BU05991017,2022,buurten.5824a2f9-04cf-461d-868a-9cee9a849948,3072MM,195,100,95,15,10,95,60,10,50,10,10,10,20,105,35,45,5,15,1.9000000,110,-99997,-99997,-99997,-99997,-99997,-99997,-99997,110,110,50,50,-99997,10,563,-99997,postcode6.8a168604-ed12-4fd5-92ed-72249e43d70d,0599100100010084,2017,Pand in gebruik,229,226,3072MM,De Monchyplein,Rotterdam,A,B,A,279.158297717792664,3460.227322260150686,0599100100010084,2017,Pand in gebruik,appartement,279.158297717792664,3460.227322260150686,0599100100010084,2017.000000000000000,3460.227322501108119,82.000000000000000,162,8560.000000000000000,37035.000000000000000,3072MD,3072,160,n_f11overig;n_f1woon;n_f3bijeenkomst;n_f8gezondheidszorg;n_f9industrie,19666.000000000000000,0.000000000000000,1126.000000000000000,0.000000000000000,0.000000000000000,0.000000000000000,0.000000000000000,234.000000000000000,130.000000000000000,0.000000000000000,15879.000000000000000,0.000000000000000,0.000000000000000,37035.000000000000000,0,0.530000000000000,0.000000000000000,0.030000000000000,0.000000000000000,0.000000000000000,0.000000000000000,0.000000000000000,0.010000000000000,0.000000000000000,0.000000000000000,0.430000000000000,0.000000000000000,0.000000000000000,1.000000000000000,0.530000000000000,f1woon_pr,false,0,0,1,1,b1_Bedrijfsterrein,1,5.000000000000000,0.022000000000000,0.033000000000000,0.664000000000000,A3+,,A3+,4,f1woon_pr,0.000000000000000,25.000000000000000,0.000000000000000,925875.000000000000000,Rotterdam (Noord),1,0.000000000000000,25.000000000000000,0.000000000000000,925875.000000000000000,f1woon_pr,0,0,20.109999999999999,49.030000000000001,49.030000000000001,,,,,,3460.230000000000018,3460.230000000000018,279.160000000000025,13687.209999999999127,20607.669999999998254,169655.079999999987194,45,19,26,93.890000000000001,,,,279.158297717792664,3460.227322260150686,229.000000000000000,0.000000000000000,220.000000000000000,0.000000000000000,5.000000000000000,0.000000000000000,0.000000000000000,0.000000000000000,0.000000000000000,1.000000000000000,1.000000000000000,0.000000000000000,2.000000000000000,0.000000000000000,0.000000000000000,229.000000000000000,35,93262.898268647491932,435673.545724052935839,0.000000000000000